{"type":"FeatureCollection","features":[{"type":"Feature","properties":{"DIVIPOLA":"15223"},"geometry":{"type":"LineString","coordinates":[[-72.047591,7.038194],[-72.044677,7.033106],[-72.042815,7.031647],[-72.039436,7.03057],[-72.036821,7.026265],[-72.032424,7.023434],[-72.030542,7.020208],[-72.019114,7.016829],[-72.012697,7.012937],[-72.010201,7.013055],[-72.006941,7.011978],[-72.004021,7.013232],[-72.001003,7.010989],[-71.999684,7.010814],[-71.999383,7.009005],[-71.998563,7.008758],[-71.990474,7.008278],[-71.987621,7.006037],[-71.984353,7.005683],[-71.980788,7.008985],[-71.972037,7.008569],[-71.967581,7.009631],[-71.964669,7.009336],[-71.961164,7.010043],[-71.958906,7.00792],[-71.9521,7.011036],[-71.949597,7.009866]]}},{"type":"Feature","properties":{"DIVIPOLA":"20013"},"geometry":{"type":"LineString","coordinates":[[-72.907494,10.267451],[-72.906292,10.265847],[-72.906889,10.263996],[-72.906523,10.261895],[-72.905057,10.259294],[-72.903918,10.259153],[-72.90336,10.258226],[-72.904061,10.256298],[-72.90387,10.255573],[-72.902871,10.255428],[-72.902989,10.251069],[-72.900925,10.248333],[-72.901715,10.244945],[-72.903114,10.243178],[-72.902631,10.240985],[-72.903726,10.237526],[-72.901761,10.231502],[-72.904763,10.228723],[-72.902626,10.226186],[-72.901595,10.223343],[-72.8992,10.222143],[-72.896834,10.218149],[-72.898616,10.214641],[-72.898345,10.212482],[-72.899515,10.208307],[-72.904737,10.208331],[-72.906549,10.206366],[-72.908648,10.206102],[-72.909022,10.20515],[-72.909525,10.194607],[-72.907894,10.19117],[-72.907906,10.189226],[-72.907088,10.188563],[-72.907435,10.186496],[-72.908571,10.185248],[-72.907754,10.175691],[-72.909044,10.175051],[-72.90933,10.172548],[-72.911077,10.171775],[-72.912428,10.168518],[-72.911992,10.167968],[-72.915124,10.1662],[-72.916973,10.161962],[-72.916273,10.160305],[-72.918867,10.154351],[-72.917933,10.151808],[-72.918403,10.149407],[-72.919734,10.147687],[-72.918805,10.143961],[-72.919939,10.142672],[-72.920371,10.139691],[-72.92203,10.137809],[-72.918849,10.13088],[-72.919218,10.129806],[-72.917234,10.127166],[-72.914576,10.121193],[-72.913295,10.115481],[-72.911485,10.1149],[-72.910814,10.112589],[-72.913483,10.109703],[-72.916011,10.110635],[-72.921572,10.109608],[-72.922345,10.105608],[-72.921193,10.104392],[-72.922772,10.102942],[-72.925696,10.095974],[-72.925377,10.092974],[-72.924336,10.091789],[-72.927451,10.090886],[-72.929855,10.088423],[-72.932373,10.087482],[-72.932043,10.085963],[-72.933284,10.083241],[-72.936417,10.081876],[-72.938984,10.081975],[-72.940743,10.080769],[-72.942401,10.0777],[-72.942819,10.074586],[-72.944978,10.07081],[-72.949112,10.068882],[-72.950139,10.065733],[-72.954218,10.066014],[-72.954604,10.057404],[-72.958708,10.054129],[-72.957228,10.051836],[-72.956355,10.047009],[-72.9554,10.047122],[-72.953625,10.044615],[-72.953693,10.043458],[-72.949769,10.040211],[-72.953745,10.033855],[-72.951863,10.032115],[-72.952462,10.030809],[-72.952319,10.027767],[-72.956589,10.021816],[-72.96288,10.017997],[-72.962772,10.015656],[-72.961109,10.013648],[-72.961531,10.01101],[-72.960593,10.010219],[-72.961383,10.008646],[-72.960622,10.007355],[-72.961991,10.004825],[-72.962821,10.004552],[-72.963251,10.002874],[-72.964558,10.001877],[-72.964374,10.00038],[-72.965745,9.997147],[-72.966525,9.996522],[-72.968147,9.996938],[-72.970084,9.995317],[-72.973529,9.993978],[-72.972997,9.992775],[-72.973375,9.990977],[-72.97567,9.989313],[-72.975924,9.986847],[-72.977648,9.98515],[-72.977563,9.983298],[-72.97896,9.982265],[-72.980803,9.979033],[-72.981226,9.976777],[-72.982287,9.976812],[-72.982928,9.975772],[-72.983603,9.97159],[-72.98483,9.970586],[-72.984585,9.969547],[-72.97934,9.964615],[-72.979699,9.959806],[-72.980555,9.958491],[-72.982298,9.95827],[-72.98556,9.955871],[-72.98707,9.953636],[-72.986977,9.95141],[-72.988103,9.950455],[-72.987647,9.945811],[-72.98852,9.941301],[-72.989717,9.941152],[-72.990027,9.939993],[-72.992154,9.939151],[-72.992654,9.938245],[-72.993352,9.933616],[-72.994548,9.931418],[-72.995536,9.931621],[-72.995704,9.92838],[-72.997747,9.92598],[-72.998825,9.922897],[-72.998453,9.921586]]}},{"type":"Feature","properties":{"DIVIPOLA":"20045"},"geometry":{"type":"LineString","coordinates":[[-72.998453,9.921586],[-72.994789,9.920247],[-72.993013,9.915359],[-72.987392,9.917377],[-72.984534,9.916853],[-72.985387,9.913902],[-72.985005,9.912924],[-72.985763,9.911739],[-72.983559,9.907792],[-72.987951,9.899714],[-72.987764,9.896605],[-72.984504,9.894663],[-72.982522,9.892345],[-72.979588,9.891641],[-72.976444,9.889228],[-72.978153,9.886639],[-72.980972,9.886145],[-72.982394,9.884616],[-72.9875,9.882863],[-72.99084,9.880432],[-72.99256,9.878048],[-72.992314,9.87581],[-72.990482,9.874126],[-72.987954,9.874582],[-72.983131,9.873221],[-72.980293,9.869783],[-72.971396,9.868559],[-72.970319,9.865549],[-72.971012,9.860105],[-72.970297,9.858054],[-72.955465,9.850764],[-72.95412,9.846967],[-72.950567,9.845916],[-72.948216,9.841997],[-72.94507,9.840268],[-72.94519,9.837965],[-72.950441,9.834927],[-72.950004,9.830968],[-72.952605,9.830314],[-72.956202,9.826415],[-72.955498,9.823126],[-72.956926,9.820735],[-72.959148,9.821336],[-72.961249,9.818807],[-72.965273,9.817326],[-72.966056,9.815695],[-72.969131,9.813532],[-72.971043,9.809801],[-72.971421,9.807365],[-72.973669,9.805511],[-72.974272,9.803475],[-72.975724,9.803048],[-72.980124,9.797345],[-72.98459,9.796546],[-72.98517,9.795186],[-72.988131,9.792545],[-72.990654,9.78699],[-72.994175,9.783629],[-72.994174,9.780165],[-72.997352,9.775131],[-72.997582,9.771584],[-72.999737,9.76999],[-73.000443,9.768581],[-73.000156,9.766618],[-73.001779,9.765265],[-72.999735,9.76033],[-73.000605,9.75774],[-73.003589,9.754076],[-73.005148,9.749811],[-73.004233,9.745968],[-73.005315,9.741519],[-73.004835,9.741099],[-73.009294,9.738069],[-73.011203,9.73485],[-73.014073,9.735789],[-73.017055,9.733553],[-73.019043,9.730555],[-73.018886,9.727646],[-73.025526,9.721748],[-73.028447,9.71805],[-73.028392,9.713821],[-73.03214,9.713158],[-73.034096,9.709964],[-73.033557,9.705391],[-73.034713,9.701189],[-73.040534,9.697929],[-73.041109,9.696279],[-73.044928,9.692666],[-73.044481,9.690366],[-73.047195,9.686197],[-73.052294,9.683286],[-73.055112,9.677926],[-73.054734,9.673173],[-73.057426,9.66631],[-73.057561,9.664021],[-73.059862,9.661437],[-73.060812,9.658002],[-73.058345,9.650261],[-73.060126,9.649862],[-73.062153,9.64651],[-73.063328,9.642048],[-73.065335,9.639888],[-73.065747,9.636302],[-73.067221,9.635613],[-73.067757,9.633866],[-73.069676,9.632516]]}},{"type":"Feature","properties":{"DIVIPOLA":"20178"},"geometry":{"type":"LineString","coordinates":[[-73.206946,9.422968],[-73.207924,9.422701],[-73.209329,9.423448],[-73.21036,9.422533],[-73.21309,9.424702],[-73.217466,9.424532],[-73.220224,9.425278],[-73.220961,9.424553],[-73.221622,9.419976],[-73.223087,9.418548],[-73.223048,9.417079],[-73.227062,9.41453],[-73.228688,9.411765],[-73.231082,9.410616],[-73.231894,9.408886],[-73.236637,9.406785],[-73.240787,9.403129],[-73.242117,9.399734],[-73.242151,9.394922],[-73.240628,9.392175],[-73.242891,9.388627],[-73.243457,9.385659],[-73.245599,9.382926],[-73.246314,9.380056],[-73.252383,9.376116],[-73.25518,9.376764],[-73.256997,9.376376],[-73.258629,9.371968],[-73.260976,9.370495],[-73.262418,9.361985],[-73.262009,9.361159],[-73.263121,9.358593],[-73.260636,9.350985],[-73.26112,9.350222],[-73.259513,9.347743],[-73.259076,9.344966],[-73.260823,9.343389],[-73.261692,9.335097],[-73.26415,9.331735],[-73.265141,9.327187],[-73.268336,9.325317],[-73.26969,9.32313]]}},{"type":"Feature","properties":{"DIVIPOLA":"20228"},"geometry":{"type":"LineString","coordinates":[[-73.26969,9.32313],[-73.271172,9.32305],[-73.273199,9.321108],[-73.273585,9.319777],[-73.274814,9.320667],[-73.275051,9.321922],[-73.278594,9.324007],[-73.28338,9.322229],[-73.285924,9.316853],[-73.288333,9.314614],[-73.28759,9.309937],[-73.290207,9.306823],[-73.289023,9.302496],[-73.291056,9.298797],[-73.293395,9.297859],[-73.293836,9.295425],[-73.291937,9.290666],[-73.295884,9.286798],[-73.296477,9.284737],[-73.297595,9.284519],[-73.297971,9.283603],[-73.297512,9.281912],[-73.298297,9.281117],[-73.296454,9.279141],[-73.296223,9.276309],[-73.29918,9.270648],[-73.298741,9.269156],[-73.299267,9.266607],[-73.299964,9.265545],[-73.302975,9.266598],[-73.304985,9.265077],[-73.310661,9.256259],[-73.311894,9.252117],[-73.315436,9.250061],[-73.317041,9.246842],[-73.31704,9.242568],[-73.318591,9.241227],[-73.320802,9.236667],[-73.321417,9.232538],[-73.326223,9.229272],[-73.328005,9.226549],[-73.328323,9.22234],[-73.330312,9.220339],[-73.3303,9.217966],[-73.333317,9.213916],[-73.333165,9.212936],[-73.338761,9.214777],[-73.34168,9.214421],[-73.342777,9.21584],[-73.346807,9.21736],[-73.352905,9.217511]]}},{"type":"Feature","properties":{"DIVIPOLA":"20400"},"geometry":{"type":"LineString","coordinates":[[-73.069676,9.632516],[-73.071597,9.62924],[-73.074325,9.627073],[-73.075762,9.621015],[-73.077173,9.618902],[-73.077791,9.613841],[-73.078532,9.612967],[-73.078476,9.610407],[-73.076238,9.608029],[-73.074781,9.607869],[-73.074044,9.605687],[-73.072591,9.604606],[-73.075338,9.596737],[-73.077023,9.594014],[-73.078346,9.58804],[-73.081313,9.585866],[-73.082188,9.58092],[-73.08124,9.578582],[-73.086228,9.568649],[-73.086976,9.562906],[-73.085612,9.56143],[-73.084747,9.55663],[-73.090605,9.556074],[-73.092258,9.556824],[-73.102018,9.556921],[-73.111398,9.552709],[-73.111841,9.553384],[-73.114481,9.55303],[-73.1186,9.554382],[-73.121289,9.553841],[-73.123938,9.555228],[-73.12571,9.554858],[-73.126705,9.555497],[-73.129541,9.553254],[-73.131128,9.550966],[-73.136689,9.550694],[-73.137534,9.547981],[-73.140916,9.544174],[-73.145024,9.542665],[-73.145766,9.538169],[-73.146662,9.536806],[-73.150272,9.534652],[-73.150858,9.531437],[-73.156939,9.522081],[-73.157596,9.519124],[-73.164438,9.515859],[-73.165635,9.511497],[-73.168139,9.507511],[-73.169284,9.507491],[-73.172868,9.504491],[-73.173956,9.504391],[-73.176743,9.500362],[-73.176576,9.496142],[-73.174853,9.494503],[-73.17448,9.492428],[-73.172352,9.490113],[-73.172891,9.488709],[-73.171951,9.486926],[-73.17233,9.485183],[-73.171729,9.483546],[-73.172637,9.482884],[-73.171942,9.480932],[-73.174474,9.477281],[-73.17697,9.477568],[-73.177736,9.478304],[-73.179934,9.477195],[-73.183663,9.477154],[-73.185351,9.475564],[-73.190434,9.474728],[-73.19148,9.475708],[-73.196932,9.4758],[-73.198998,9.472614],[-73.203432,9.469088],[-73.203587,9.467595],[-73.201358,9.462093],[-73.1997,9.461836],[-73.198022,9.459448],[-73.196831,9.45936],[-73.193813,9.457274],[-73.193058,9.455888],[-73.193171,9.453812],[-73.187594,9.446143],[-73.189619,9.444778],[-73.190103,9.445109],[-73.190851,9.443983],[-73.192606,9.444277],[-73.1949,9.440612],[-73.197065,9.440045],[-73.201575,9.43577],[-73.201217,9.434265],[-73.201789,9.433564],[-73.201151,9.432492],[-73.201757,9.430836],[-73.203212,9.42928],[-73.204537,9.430057],[-73.205466,9.429412],[-73.206177,9.426648],[-73.205826,9.424517],[-73.206946,9.422968]]}},{"type":"Feature","properties":{"DIVIPOLA":"20443"},"geometry":{"type":"LineString","coordinates":[[-72.900777,10.435559],[-72.899717,10.433959],[-72.896966,10.433397],[-72.895403,10.432064],[-72.896166,10.430103],[-72.895447,10.427556],[-72.896175,10.426828],[-72.894825,10.424775],[-72.895335,10.423989],[-72.894935,10.423083],[-72.89657,10.420576],[-72.895974,10.413766],[-72.894466,10.41194],[-72.895138,10.410538],[-72.894226,10.409432],[-72.895333,10.408635],[-72.897478,10.40893],[-72.89823,10.408057],[-72.89816,10.404857],[-72.899544,10.399405],[-72.897578,10.399042],[-72.893706,10.39655],[-72.891566,10.396484],[-72.887798,10.394782],[-72.886959,10.393572],[-72.887009,10.387173],[-72.887653,10.385966],[-72.885766,10.384627],[-72.887296,10.381683],[-72.890254,10.378375],[-72.89022,10.376532],[-72.892561,10.374387],[-72.891931,10.371701],[-72.893892,10.363532],[-72.895651,10.36288],[-72.899194,10.362974],[-72.901304,10.361128],[-72.901702,10.359563],[-72.906502,10.353247]]}},{"type":"Feature","properties":{"DIVIPOLA":"20621"},"geometry":{"type":"LineString","coordinates":[[-72.906502,10.353247],[-72.907867,10.343932],[-72.906162,10.339075],[-72.906231,10.336835],[-72.90485,10.335749],[-72.904968,10.333033],[-72.906147,10.33137],[-72.906136,10.327055],[-72.907127,10.325611],[-72.906807,10.322874],[-72.90411,10.320103],[-72.903592,10.317483],[-72.90104,10.316164],[-72.89783,10.312462],[-72.89893,10.309097],[-72.898582,10.304856],[-72.899399,10.303934],[-72.900888,10.298272],[-72.901772,10.294728],[-72.901336,10.294347],[-72.903126,10.291887],[-72.902983,10.289021],[-72.905993,10.287063],[-72.905488,10.284991],[-72.905937,10.283779],[-72.904779,10.282502],[-72.903608,10.278548],[-72.905864,10.275588],[-72.905864,10.271396],[-72.907494,10.267451]]}},{"type":"Feature","properties":{"DIVIPOLA":"27006"},"geometry":{"type":"LineString","coordinates":[[-77.298116,8.277122],[-77.298433,8.280132],[-77.299717,8.281424],[-77.303086,8.281225],[-77.30373,8.282933],[-77.305475,8.283348],[-77.306913,8.282546],[-77.307059,8.281217],[-77.308537,8.280532],[-77.309375,8.279083],[-77.30959,8.275968],[-77.311708,8.274278],[-77.310855,8.272017],[-77.313082,8.270437],[-77.31913,8.274117],[-77.321592,8.273299],[-77.324688,8.274587],[-77.326262,8.274217],[-77.326143,8.273541],[-77.32735,8.273026],[-77.32982,8.274047],[-77.332788,8.273385],[-77.333794,8.273999],[-77.333837,8.27673],[-77.332995,8.277294],[-77.332251,8.281343],[-77.334317,8.281646],[-77.334501,8.282588],[-77.338225,8.28498],[-77.340061,8.287124],[-77.340336,8.290424],[-77.349407,8.296013],[-77.350902,8.300062],[-77.350627,8.302269],[-77.352852,8.305898],[-77.353514,8.313517],[-77.355006,8.315188],[-77.355369,8.317126],[-77.354704,8.321328],[-77.353313,8.324616],[-77.353834,8.325857],[-77.352789,8.329997],[-77.349534,8.33427],[-77.350438,8.337781],[-77.349383,8.342809],[-77.350016,8.34506],[-77.349615,8.346904],[-77.34838,8.349693],[-77.346232,8.351181],[-77.346165,8.352321],[-77.347575,8.353284],[-77.347892,8.35708],[-77.350647,8.361444],[-77.352399,8.361598],[-77.353075,8.362629],[-77.357843,8.365106],[-77.360074,8.374321],[-77.361623,8.376934],[-77.360427,8.379695],[-77.358771,8.380939],[-77.358012,8.384039],[-77.355074,8.388255],[-77.35686,8.39166],[-77.356634,8.393964],[-77.358819,8.397757],[-77.358319,8.398541],[-77.359149,8.399871],[-77.358853,8.400993],[-77.361346,8.402908],[-77.362068,8.404696],[-77.368627,8.407882],[-77.36983,8.407793],[-77.370992,8.410545],[-77.376175,8.416325],[-77.377529,8.421952],[-77.379108,8.424711],[-77.385675,8.430784],[-77.386309,8.432275],[-77.386084,8.435439],[-77.385396,8.436342],[-77.385839,8.438946],[-77.386475,8.440257],[-77.388402,8.441513],[-77.389451,8.443623],[-77.390358,8.443796],[-77.390496,8.445409],[-77.392135,8.447236],[-77.391773,8.448626],[-77.392659,8.450288],[-77.395605,8.452178],[-77.393972,8.453993],[-77.397502,8.458262],[-77.397502,8.461949],[-77.399362,8.46345],[-77.402138,8.464225],[-77.403713,8.466075],[-77.403503,8.467852],[-77.402928,8.468011],[-77.403236,8.470689],[-77.400921,8.473511],[-77.401836,8.476468],[-77.408301,8.477421],[-77.41157,8.476878],[-77.413378,8.47823],[-77.416171,8.477552],[-77.418028,8.478174],[-77.420331,8.476981],[-77.425055,8.476345],[-77.426209,8.474827],[-77.42789,8.474964],[-77.430324,8.473395],[-77.432444,8.473653],[-77.432718,8.472957],[-77.437041,8.471562],[-77.4379,8.470638],[-77.447538,8.472556],[-77.448278,8.476043],[-77.445855,8.479852],[-77.447518,8.484348],[-77.447702,8.488871],[-77.4483,8.489005],[-77.448755,8.491832],[-77.449294,8.491825],[-77.447692,8.494794],[-77.449438,8.497366],[-77.449544,8.500661],[-77.452265,8.504341],[-77.454781,8.505838],[-77.455878,8.50852],[-77.457248,8.509205],[-77.449879,8.512736],[-77.448384,8.512535],[-77.446275,8.514009],[-77.445116,8.51394],[-77.442441,8.518553],[-77.442029,8.521386],[-77.440583,8.52276],[-77.440769,8.525168],[-77.439642,8.525736],[-77.438697,8.530365],[-77.439388,8.532486],[-77.438278,8.534877],[-77.438438,8.537869],[-77.437148,8.540348],[-77.439462,8.543006],[-77.438339,8.544594],[-77.438818,8.547326],[-77.437928,8.54835],[-77.439212,8.549862],[-77.439458,8.553904],[-77.44036,8.555854],[-77.439298,8.556938],[-77.438842,8.559473],[-77.436949,8.563127],[-77.434785,8.563068],[-77.428831,8.558144],[-77.426689,8.558102],[-77.425424,8.55984],[-77.424388,8.559416],[-77.42395,8.560071],[-77.423616,8.563477],[-77.422204,8.563621],[-77.420708,8.564934],[-77.419246,8.564946],[-77.417712,8.566971],[-77.409586,8.566358],[-77.409984,8.567963],[-77.411717,8.5698],[-77.411166,8.572153],[-77.411837,8.573773],[-77.410879,8.57668],[-77.412501,8.577507],[-77.412613,8.579294],[-77.413315,8.579425],[-77.412922,8.580355],[-77.413876,8.580706],[-77.414392,8.581913],[-77.419279,8.584765],[-77.418591,8.587726],[-77.413641,8.588951],[-77.413044,8.58808],[-77.411003,8.587766],[-77.410708,8.586687],[-77.410018,8.586943],[-77.408624,8.585766],[-77.406686,8.58592],[-77.404914,8.584606],[-77.400953,8.585346],[-77.400747,8.586109],[-77.399069,8.586029],[-77.397276,8.584231],[-77.395523,8.583944],[-77.390498,8.584828],[-77.391213,8.586329],[-77.390773,8.587555],[-77.393081,8.588524],[-77.392381,8.590179],[-77.393459,8.595721],[-77.397968,8.598109],[-77.398722,8.601001],[-77.401115,8.603317],[-77.401529,8.606452],[-77.402445,8.607662],[-77.403652,8.607944],[-77.404174,8.609388],[-77.404458,8.61158],[-77.40359,8.612808],[-77.403654,8.614105],[-77.40187,8.614932],[-77.399815,8.617511],[-77.401543,8.620012],[-77.403136,8.624216],[-77.403587,8.628047],[-77.404505,8.629826],[-77.40517,8.629876],[-77.405254,8.63147],[-77.407117,8.632373],[-77.408916,8.635092],[-77.408484,8.637164],[-77.409376,8.639224],[-77.409134,8.6427],[-77.408339,8.642959],[-77.408231,8.645531],[-77.402664,8.648101],[-77.402224,8.649395],[-77.399996,8.650257],[-77.397561,8.649646],[-77.396262,8.650893],[-77.392992,8.651228],[-77.391909,8.650643],[-77.390417,8.648028],[-77.387941,8.647869],[-77.38755,8.64681],[-77.386769,8.646777],[-77.38531,8.642616],[-77.382617,8.642722],[-77.380424,8.643727],[-77.3778,8.640599],[-77.375113,8.64033],[-77.374171,8.638534],[-77.372107,8.63718],[-77.364758,8.641145],[-77.366536,8.643012],[-77.367357,8.644457],[-77.367177,8.645894],[-77.368285,8.646837],[-77.367615,8.649094],[-77.36818,8.650652],[-77.369904,8.652096],[-77.369338,8.65312],[-77.369909,8.653944],[-77.370403,8.661689],[-77.368063,8.665347],[-77.364185,8.666832],[-77.36402,8.669943],[-77.365248,8.671459],[-77.367561,8.67113],[-77.369412,8.675897],[-77.3713,8.677109]]}},{"type":"Feature","properties":{"DIVIPOLA":"27372"},"geometry":{"type":"LineString","coordinates":[[-77.883106,7.218367],[-77.819462,7.473306],[-77.819563,7.464777],[-77.817754,7.462243],[-77.81689,7.459243],[-77.818051,7.45789],[-77.816249,7.456295],[-77.814728,7.456382],[-77.8141,7.4552],[-77.812505,7.45494],[-77.810263,7.453294],[-77.806475,7.453481],[-77.806221,7.457273],[-77.804832,7.461297],[-77.801379,7.466735],[-77.797134,7.462669],[-77.794666,7.461321],[-77.792242,7.461076],[-77.78575,7.464315],[-77.784546,7.463667],[-77.784417,7.462537],[-77.777899,7.461538],[-77.776906,7.46036],[-77.774419,7.461402],[-77.774077,7.459515],[-77.772827,7.459178],[-77.7709,7.461572],[-77.769428,7.462128],[-77.766713,7.461877],[-77.765351,7.460623],[-77.762258,7.461306],[-77.760663,7.460198],[-77.757505,7.461552],[-77.753265,7.466363],[-77.749887,7.468248],[-77.748326,7.467971],[-77.746949,7.46641],[-77.745486,7.466928],[-77.744599,7.465092],[-77.742788,7.465444],[-77.739799,7.471503],[-77.735786,7.471947],[-77.734333,7.473826],[-77.731817,7.473625],[-77.731657,7.474612],[-77.729407,7.476644],[-77.728009,7.480335],[-77.724538,7.482497],[-77.724303,7.484061],[-77.722553,7.484894],[-77.721614,7.48772],[-77.719717,7.488388],[-77.719069,7.490477],[-77.717708,7.490713],[-77.717071,7.492191],[-77.716196,7.492305],[-77.715284,7.494361],[-77.71265,7.497089],[-77.712821,7.497807],[-77.711209,7.498982]]}},{"type":"Feature","properties":{"DIVIPOLA":"27615"},"geometry":{"type":"LineString","coordinates":[[-77.711209,7.498982],[-77.710094,7.500761],[-77.707978,7.501357],[-77.707638,7.502475],[-77.705474,7.503522],[-77.704318,7.505874],[-77.702849,7.505243],[-77.700667,7.506408],[-77.701091,7.508248],[-77.702039,7.508836],[-77.701957,7.511072],[-77.702992,7.512278],[-77.702811,7.513915],[-77.703771,7.516099],[-77.702619,7.517338],[-77.702668,7.518267],[-77.703745,7.520771],[-77.706859,7.52253],[-77.709087,7.526892],[-77.710311,7.527918],[-77.709909,7.529771],[-77.710993,7.530917],[-77.711206,7.534957],[-77.715221,7.537594],[-77.715509,7.540677],[-77.717177,7.541802],[-77.718124,7.544512],[-77.717929,7.54738],[-77.719174,7.548972],[-77.720042,7.54894],[-77.720637,7.551929],[-77.723164,7.55599],[-77.723427,7.558583],[-77.725153,7.561429],[-77.725449,7.564166],[-77.731684,7.567592],[-77.732936,7.57013],[-77.733239,7.575793],[-77.736325,7.580082],[-77.736378,7.584151],[-77.737786,7.586952],[-77.73691,7.590594],[-77.7358,7.591792],[-77.737458,7.593755],[-77.737628,7.596904],[-77.736178,7.601828],[-77.741504,7.60519],[-77.74674,7.605428],[-77.74703,7.609611],[-77.746412,7.612416],[-77.747876,7.612597],[-77.748456,7.613482],[-77.747423,7.619203],[-77.745564,7.621997],[-77.745345,7.624577],[-77.741988,7.627022],[-77.741114,7.629713],[-77.742348,7.631105],[-77.742936,7.633904],[-77.742781,7.637058],[-77.741401,7.639478],[-77.741698,7.641535],[-77.745196,7.645382],[-77.745789,7.646955],[-77.747053,7.647518],[-77.74707,7.65073],[-77.745145,7.653526],[-77.744945,7.657492],[-77.743197,7.65792],[-77.743519,7.661644],[-77.744834,7.661929],[-77.745835,7.66429],[-77.744757,7.664791],[-77.74473,7.667343],[-77.742196,7.670556],[-77.743358,7.674194],[-77.741617,7.676396],[-77.74276,7.679099],[-77.737869,7.681419],[-77.736473,7.685375],[-77.731162,7.685266],[-77.728849,7.685721],[-77.727698,7.686831],[-77.728175,7.690513],[-77.729264,7.691747],[-77.728458,7.693943],[-77.729071,7.695509],[-77.72128,7.696402],[-77.717981,7.694147],[-77.714568,7.694807],[-77.709579,7.692238],[-77.705867,7.693678],[-77.697547,7.693047],[-77.697328,7.691562],[-77.693469,7.689402],[-77.69287,7.686521],[-77.692239,7.686561],[-77.691465,7.684736],[-77.688839,7.68655],[-77.686333,7.6865],[-77.685867,7.685161],[-77.686326,7.681784],[-77.684175,7.68077],[-77.683564,7.681775],[-77.682625,7.681615],[-77.682142,7.682479],[-77.680357,7.683081],[-77.679948,7.681538],[-77.679274,7.681871],[-77.679015,7.679702],[-77.675317,7.678071],[-77.674539,7.673628],[-77.672012,7.668551],[-77.666404,7.665993],[-77.664008,7.663697],[-77.662116,7.66412],[-77.659867,7.663431],[-77.658846,7.662173],[-77.655811,7.661053],[-77.651793,7.654932],[-77.647121,7.652991],[-77.645809,7.651747],[-77.643883,7.648823],[-77.64399,7.647799],[-77.645793,7.645987],[-77.645684,7.642845],[-77.644594,7.640605],[-77.645104,7.640161],[-77.644875,7.634672],[-77.643819,7.634311],[-77.642618,7.63166],[-77.640477,7.630263],[-77.641657,7.628405],[-77.640846,7.626401],[-77.639089,7.624935],[-77.638493,7.619216],[-77.6372,7.61901],[-77.637346,7.611996],[-77.634794,7.611053],[-77.634662,7.608874],[-77.633678,7.608524],[-77.630818,7.60495],[-77.630635,7.603862],[-77.631475,7.603304],[-77.631768,7.601482],[-77.630703,7.597789],[-77.631007,7.594967],[-77.628375,7.593593],[-77.626691,7.590604],[-77.626607,7.58871],[-77.62536,7.587698],[-77.624073,7.57871],[-77.621478,7.575309],[-77.61948,7.574318],[-77.617813,7.572175],[-77.617581,7.570622],[-77.615999,7.569105],[-77.61498,7.566555],[-77.613417,7.565516],[-77.611878,7.562335],[-77.609308,7.561088],[-77.610185,7.560361],[-77.61047,7.550135],[-77.611151,7.548789],[-77.60942,7.548378],[-77.609009,7.547155],[-77.607115,7.545946],[-77.606685,7.54064],[-77.605567,7.539809],[-77.600788,7.539566],[-77.599932,7.536724],[-77.59358,7.535813],[-77.592771,7.534206],[-77.593315,7.532937],[-77.59034,7.531389],[-77.591035,7.529444],[-77.590703,7.528056],[-77.592663,7.526707],[-77.590499,7.525884],[-77.590111,7.521967],[-77.589168,7.521216],[-77.588127,7.518414],[-77.58572,7.516744],[-77.585383,7.515183],[-77.583746,7.513994],[-77.5807,7.513373],[-77.577429,7.514766],[-77.575751,7.514721],[-77.572874,7.511734],[-77.570722,7.511526],[-77.570031,7.509367],[-77.568389,7.507722],[-77.56342,7.507364],[-77.562222,7.508203],[-77.562046,7.512905],[-77.560868,7.512771],[-77.559852,7.513844],[-77.560086,7.514682],[-77.558244,7.515802],[-77.558412,7.516623],[-77.557012,7.517798],[-77.556015,7.520297],[-77.554764,7.519979],[-77.552365,7.520808],[-77.548939,7.523245],[-77.548253,7.524311],[-77.548674,7.52602],[-77.54714,7.529333],[-77.547285,7.531025],[-77.544402,7.533946],[-77.544181,7.535106],[-77.541987,7.536247],[-77.54053,7.538444],[-77.538835,7.539061],[-77.538732,7.54039],[-77.537562,7.541345],[-77.533837,7.543035],[-77.533179,7.545176],[-77.531676,7.546643],[-77.531667,7.549625],[-77.528278,7.554257],[-77.527847,7.555613],[-77.528394,7.557047],[-77.524811,7.559193],[-77.528011,7.566118],[-77.524472,7.571817],[-77.521962,7.572035],[-77.520075,7.574136],[-77.518801,7.574209],[-77.518802,7.57552],[-77.515082,7.575025],[-77.513351,7.573227],[-77.510783,7.573048],[-77.509597,7.57182],[-77.506746,7.570966],[-77.505062,7.568426],[-77.502848,7.567629],[-77.501595,7.568618],[-77.497052,7.567299],[-77.495908,7.567994],[-77.492492,7.567429],[-77.489187,7.569557],[-77.488125,7.571481],[-77.488856,7.573138],[-77.487452,7.578128],[-77.489961,7.578243],[-77.491918,7.580813],[-77.492509,7.583351],[-77.49174,7.584709],[-77.491832,7.586607],[-77.489422,7.589662],[-77.489074,7.591262],[-77.489943,7.592162],[-77.489162,7.592976],[-77.489392,7.593853],[-77.487764,7.595741],[-77.486616,7.598663],[-77.4859,7.598686],[-77.485015,7.60158],[-77.483961,7.601932],[-77.483925,7.603159],[-77.482447,7.604128],[-77.482178,7.607067],[-77.480323,7.609871],[-77.480462,7.611918],[-77.479395,7.612058],[-77.47986,7.613106],[-77.479391,7.61475],[-77.476878,7.617441],[-77.475772,7.617674],[-77.47326,7.623541],[-77.471477,7.624921],[-77.468411,7.625781],[-77.468051,7.62993],[-77.467226,7.63148],[-77.467497,7.63342],[-77.465385,7.634357],[-77.46549,7.642255],[-77.466517,7.642882],[-77.469979,7.649653],[-77.470121,7.651519],[-77.468239,7.652175],[-77.466872,7.655438],[-77.461426,7.655303],[-77.451747,7.656987],[-77.446193,7.655256],[-77.443627,7.656619],[-77.443416,7.662862],[-77.443053,7.664089],[-77.440525,7.665739],[-77.440079,7.66761],[-77.440569,7.668974],[-77.439141,7.670715],[-77.439256,7.673637],[-77.4383,7.67391],[-77.438126,7.674538],[-77.438894,7.674839],[-77.437282,7.678375],[-77.437869,7.680983],[-77.437065,7.680979],[-77.436798,7.682888],[-77.435374,7.684053],[-77.435167,7.687219],[-77.434195,7.687458],[-77.433987,7.688634],[-77.431543,7.689076],[-77.431061,7.690448],[-77.428132,7.692158],[-77.42644,7.691545],[-77.426102,7.693119],[-77.424835,7.692225],[-77.425359,7.693455],[-77.424773,7.694314],[-77.425019,7.695975],[-77.422666,7.696414],[-77.421809,7.69753],[-77.418458,7.698676],[-77.418738,7.701637],[-77.417106,7.703195],[-77.417846,7.706084],[-77.417805,7.706742],[-77.416942,7.706884],[-77.416874,7.70809],[-77.416954,7.710176],[-77.417804,7.71091],[-77.417378,7.714493],[-77.418494,7.717413],[-77.41627,7.719758],[-77.414742,7.720012],[-77.414138,7.721447],[-77.414553,7.722884],[-77.413356,7.723758],[-77.409068,7.723431],[-77.408682,7.722226],[-77.407825,7.721894],[-77.404644,7.722575],[-77.404609,7.724361],[-77.399222,7.724369],[-77.399555,7.729],[-77.398488,7.728819],[-77.397873,7.729889],[-77.396685,7.73014],[-77.397973,7.73217],[-77.397132,7.734426],[-77.398014,7.735955],[-77.397287,7.736611],[-77.397386,7.737907],[-77.395668,7.739281],[-77.395754,7.741389],[-77.394813,7.741744],[-77.394635,7.742607],[-77.395468,7.742916],[-77.396623,7.745594],[-77.395133,7.745688],[-77.394578,7.747456],[-77.394493,7.748294],[-77.395524,7.748794],[-77.395899,7.749959],[-77.393452,7.751608],[-77.39241,7.753694],[-77.392458,7.75666],[-77.391125,7.759996],[-77.386671,7.759454],[-77.384265,7.75842],[-77.384035,7.757458],[-77.382465,7.75738],[-77.381409,7.757754],[-77.380686,7.759527],[-77.378464,7.759292],[-77.378273,7.760815],[-77.375215,7.761138],[-77.374982,7.76198],[-77.376294,7.762713],[-77.378914,7.769173],[-77.377783,7.770338],[-77.377037,7.769527],[-77.374339,7.769631],[-77.373736,7.771197],[-77.372775,7.771176],[-77.372271,7.769987],[-77.369263,7.769589],[-77.368915,7.768039],[-77.366744,7.768513],[-77.365015,7.767137],[-77.363806,7.768455],[-77.362874,7.768227],[-77.362869,7.76713],[-77.360187,7.76777],[-77.358522,7.766283],[-77.354368,7.766351],[-77.354117,7.765463],[-77.351994,7.764606],[-77.351117,7.763447],[-77.348735,7.763572],[-77.348065,7.762626],[-77.347118,7.763209],[-77.344374,7.7624],[-77.343134,7.764233],[-77.339386,7.765981],[-77.339501,7.76731],[-77.340431,7.768219],[-77.34019,7.770894],[-77.341441,7.771376],[-77.34279,7.773896],[-77.339007,7.775041],[-77.33896,7.777523],[-77.337494,7.778327],[-77.336602,7.779862],[-77.336895,7.782245],[-77.338058,7.782028],[-77.338222,7.784299],[-77.34076,7.785505],[-77.34058,7.787631],[-77.341847,7.7886],[-77.342036,7.790473],[-77.345191,7.791311],[-77.345588,7.794904],[-77.348586,7.796645],[-77.348658,7.799788],[-77.347978,7.801129],[-77.348636,7.803924],[-77.349869,7.804002],[-77.350054,7.804856],[-77.354116,7.804655],[-77.35605,7.806156],[-77.355077,7.809887],[-77.356525,7.809912],[-77.357249,7.811026],[-77.356892,7.813186],[-77.358016,7.814431],[-77.35884,7.819241],[-77.356003,7.819539],[-77.356148,7.821168],[-77.358713,7.824216],[-77.362499,7.82537],[-77.363688,7.825051],[-77.365526,7.828392],[-77.367352,7.827848],[-77.368553,7.828369],[-77.368075,7.829901],[-77.365744,7.830089],[-77.365585,7.832801],[-77.364691,7.833088],[-77.364557,7.834358],[-77.358592,7.834277],[-77.356394,7.836485],[-77.355028,7.836936],[-77.355402,7.839585],[-77.352982,7.842504],[-77.35073,7.84247],[-77.350393,7.841244],[-77.34847,7.841311],[-77.347117,7.844365],[-77.345772,7.844604],[-77.346215,7.846377],[-77.344991,7.847418],[-77.345996,7.847446],[-77.347483,7.848889],[-77.347242,7.849717],[-77.343182,7.84901],[-77.343382,7.850139],[-77.341612,7.850704],[-77.341367,7.852258],[-77.343023,7.851909],[-77.34291,7.853089],[-77.339845,7.854186],[-77.339231,7.856665],[-77.337281,7.856866],[-77.33658,7.858792],[-77.337679,7.859609],[-77.338472,7.859202],[-77.338766,7.860979],[-77.340782,7.86178],[-77.34094,7.86429],[-77.339771,7.864538],[-77.339259,7.865891],[-77.340471,7.868217],[-77.337214,7.871787],[-77.335098,7.87616],[-77.332182,7.876299],[-77.332069,7.878187],[-77.330774,7.878616],[-77.330602,7.879933],[-77.328981,7.880909],[-77.329099,7.881877],[-77.328202,7.882796],[-77.324454,7.883118],[-77.322934,7.884187],[-77.322906,7.886147],[-77.323731,7.886693],[-77.324111,7.888915],[-77.323733,7.889688],[-77.325335,7.890985],[-77.324542,7.892534],[-77.324845,7.895759],[-77.321544,7.896822],[-77.319014,7.896501],[-77.318816,7.897661],[-77.317132,7.897732],[-77.316489,7.899085],[-77.313805,7.898637],[-77.311949,7.897372],[-77.30861,7.899057],[-77.308032,7.900725],[-77.305288,7.900039],[-77.303935,7.902665],[-77.301695,7.90188],[-77.297878,7.905525],[-77.295063,7.91083],[-77.290119,7.907894],[-77.281958,7.908938],[-77.275745,7.907856],[-77.272321,7.911767],[-77.269993,7.912962],[-77.269581,7.914098],[-77.26516,7.915614],[-77.263811,7.916745],[-77.262528,7.916699],[-77.262045,7.917718],[-77.260317,7.917819],[-77.259939,7.918565],[-77.256378,7.919995],[-77.246511,7.919165],[-77.244159,7.917572],[-77.239564,7.917908],[-77.239474,7.919355],[-77.237888,7.920983],[-77.234941,7.919562],[-77.232288,7.920692],[-77.227756,7.92038],[-77.223535,7.916851],[-77.219268,7.91631],[-77.214705,7.916645],[-77.213763,7.918731],[-77.211315,7.919591],[-77.210676,7.92228],[-77.208045,7.922299],[-77.20265,7.919963],[-77.200011,7.920411],[-77.196804,7.91937],[-77.19345,7.922219],[-77.192063,7.922428],[-77.190257,7.922183],[-77.188202,7.920428],[-77.18547,7.919937],[-77.180774,7.917584],[-77.175437,7.917126],[-77.173611,7.919489],[-77.17131,7.920275],[-77.171019,7.921079],[-77.168616,7.92144],[-77.167671,7.923968],[-77.166296,7.92461],[-77.165631,7.926699],[-77.160796,7.929984],[-77.158585,7.932777],[-77.159329,7.933772],[-77.16142,7.933642],[-77.162054,7.934952],[-77.164503,7.935587],[-77.165406,7.937349],[-77.170916,7.936782],[-77.170073,7.939785],[-77.170353,7.943744],[-77.171195,7.944145],[-77.171598,7.945598],[-77.174004,7.947249],[-77.174398,7.949365],[-77.176024,7.951319],[-77.177518,7.95131],[-77.176793,7.952481],[-77.177472,7.953124],[-77.180637,7.953395],[-77.181704,7.954471],[-77.182031,7.955722],[-77.179895,7.955821],[-77.179484,7.956812]]}},{"type":"Feature","properties":{"DIVIPOLA":"27800"},"geometry":{"type":"LineString","coordinates":[[-77.179484,7.956812],[-77.177294,7.957259],[-77.174961,7.961126],[-77.172146,7.960969],[-77.170994,7.962125],[-77.170811,7.963615],[-77.169622,7.963526],[-77.165466,7.969034],[-77.162098,7.969042],[-77.165645,7.973046],[-77.165694,7.974315],[-77.166927,7.974684],[-77.170468,7.978213],[-77.173802,7.977862],[-77.173901,7.9789],[-77.176483,7.97957],[-77.177084,7.980936],[-77.182569,7.983291],[-77.187203,7.989542],[-77.188505,7.990032],[-77.191065,7.988452],[-77.193672,7.992905],[-77.197464,7.996116],[-77.199004,7.998938],[-77.200899,8.00024],[-77.203344,8.000138],[-77.205824,8.003643],[-77.2066,8.003573],[-77.206787,8.004403],[-77.208022,8.004983],[-77.208604,8.006455],[-77.212421,8.008184],[-77.214647,8.011636],[-77.21458,8.013732],[-77.21688,8.016021],[-77.215319,8.01798],[-77.21572,8.018879],[-77.215056,8.020801],[-77.21698,8.021141],[-77.218635,8.022379],[-77.221302,8.026279],[-77.222953,8.026338],[-77.223857,8.024951],[-77.226567,8.023682],[-77.228121,8.022009],[-77.231396,8.022707],[-77.233645,8.024987],[-77.231121,8.026965],[-77.229837,8.027086],[-77.228948,8.028685],[-77.227349,8.028809],[-77.226736,8.03118],[-77.224975,8.032029],[-77.22409,8.03346],[-77.224619,8.035852],[-77.224253,8.038673],[-77.226258,8.040767],[-77.226498,8.042742],[-77.229,8.043505],[-77.228378,8.044815],[-77.227437,8.045059],[-77.227392,8.046475],[-77.228412,8.047114],[-77.230092,8.054128],[-77.228237,8.054745],[-77.226873,8.05639],[-77.227666,8.059498],[-77.225923,8.064483],[-77.228586,8.066008],[-77.22919,8.067737],[-77.226998,8.068554],[-77.22643,8.070696],[-77.220867,8.072955],[-77.219575,8.072668],[-77.219865,8.077571],[-77.218552,8.079844],[-77.21885,8.083115],[-77.217494,8.087904],[-77.219037,8.089884],[-77.220153,8.093756],[-77.222458,8.095212],[-77.223367,8.09814],[-77.225234,8.100265],[-77.225602,8.1026],[-77.224849,8.103272],[-77.225007,8.104381],[-77.227379,8.10787],[-77.227311,8.109656],[-77.22923,8.111159],[-77.230227,8.113828],[-77.232111,8.114482],[-77.23331,8.1202],[-77.232773,8.123505],[-77.234766,8.128127],[-77.2345,8.12997],[-77.231778,8.133717],[-77.228859,8.132148],[-77.226612,8.132967],[-77.226743,8.136389],[-77.228473,8.137704],[-77.229601,8.140096],[-77.233568,8.142578],[-77.237636,8.143526],[-77.246671,8.149255],[-77.252073,8.150087],[-77.251795,8.152029],[-77.252617,8.153247],[-77.252048,8.154662],[-77.257218,8.157918],[-77.254672,8.15835],[-77.252592,8.161808],[-77.249953,8.161463],[-77.248714,8.162258],[-77.24885,8.166447],[-77.248057,8.167506],[-77.24831,8.172238],[-77.248944,8.172656],[-77.247817,8.174668],[-77.248055,8.176542],[-77.249531,8.178164],[-77.24944,8.181173],[-77.251074,8.183346],[-77.250584,8.184716],[-77.251242,8.187532],[-77.252334,8.187845],[-77.252457,8.189038],[-77.256383,8.189353],[-77.258498,8.191665],[-77.260274,8.192456],[-77.260812,8.193951],[-77.259711,8.198455],[-77.260528,8.202516],[-77.258871,8.204121],[-77.261636,8.21199],[-77.26527,8.212684],[-77.26839,8.211365],[-77.270197,8.212774],[-77.272884,8.213545],[-77.275191,8.216434],[-77.27849,8.21756],[-77.279662,8.216634],[-77.280512,8.217269],[-77.280952,8.222825],[-77.28028,8.223771],[-77.280891,8.225584],[-77.279964,8.227274],[-77.280464,8.228744],[-77.283018,8.231362],[-77.284617,8.234317],[-77.286335,8.234797],[-77.287395,8.235966],[-77.288996,8.240047],[-77.289147,8.242505],[-77.29009,8.243428],[-77.28965,8.245099],[-77.29011,8.245834],[-77.288682,8.247076],[-77.289099,8.250287],[-77.285669,8.24995],[-77.284374,8.253049],[-77.286489,8.255465],[-77.286287,8.256738],[-77.288865,8.258131],[-77.289556,8.259547],[-77.293344,8.260298],[-77.294413,8.264943],[-77.295622,8.266847],[-77.299839,8.268749],[-77.299959,8.270273],[-77.301565,8.271822],[-77.300235,8.273224],[-77.30007,8.275363],[-77.298116,8.277122]]}},{"type":"Feature","properties":{"DIVIPOLA":"44035"},"geometry":{"type":"LineString","coordinates":[[-72.458832,11.115286],[-72.462118,11.113237],[-72.463376,11.113385],[-72.466672,11.110134],[-72.469742,11.109117],[-72.470077,11.107669],[-72.471913,11.107149],[-72.472377,11.105899],[-72.475486,11.10462],[-72.475653,11.103752],[-72.478147,11.102048],[-72.482789,11.100389],[-72.486932,11.097281],[-72.488623,11.092606],[-72.488204,11.090209],[-72.492138,11.087994],[-72.492739,11.08511],[-72.492234,11.082932]]}},{"type":"Feature","properties":{"DIVIPOLA":"44078"},"geometry":{"type":"LineString","coordinates":[[-72.491752,11.080017],[-72.491014,11.078799],[-72.492353,11.077786],[-72.492168,11.076353],[-72.48931,11.072474],[-72.488736,11.067547],[-72.487146,11.066105],[-72.484632,11.061465],[-72.478004,11.056352],[-72.480728,11.053348],[-72.485887,11.052586],[-72.490776,11.050197],[-72.496638,11.044165],[-72.498888,11.040727],[-72.504352,11.038499],[-72.50731,11.033703],[-72.507676,11.026676],[-72.506965,11.025402],[-72.508502,11.022663],[-72.517464,11.018459],[-72.518776,11.017118],[-72.519122,11.012623],[-72.519933,11.012146],[-72.522628,11.013013],[-72.525499,11.011873],[-72.526321,11.008279],[-72.525679,11.006882],[-72.523475,11.00525],[-72.521571,11.005074],[-72.518165,11.000747],[-72.522418,10.999485],[-72.524168,10.995947],[-72.525903,10.996176],[-72.528187,10.994265],[-72.529845,10.990023],[-72.531017,10.990087],[-72.532414,10.98834],[-72.534086,10.988528],[-72.537188,10.982079],[-72.536293,10.97598],[-72.536666,10.973887],[-72.539177,10.972071],[-72.54172,10.96723],[-72.541555,10.965937],[-72.544964,10.962114],[-72.547108,10.956261],[-72.548096,10.95554],[-72.54846,10.953361],[-72.550996,10.950194],[-72.551454,10.948656],[-72.550981,10.946614],[-72.553108,10.944557],[-72.552741,10.9407],[-72.557348,10.93786],[-72.558391,10.935496],[-72.561223,10.934174],[-72.560777,10.932225],[-72.562571,10.928748],[-72.565903,10.925752],[-72.569528,10.924696],[-72.572496,10.922495],[-72.573712,10.917055],[-72.577254,10.91378],[-72.579478,10.912906],[-72.580422,10.910244],[-72.583097,10.91141],[-72.584061,10.911029],[-72.584079,10.91],[-72.585201,10.909751],[-72.586118,10.90853],[-72.592952,10.906281],[-72.599241,10.900612],[-72.603682,10.898719],[-72.60624,10.895715],[-72.606563,10.894258],[-72.60828,10.89308],[-72.607342,10.888475],[-72.610356,10.887515],[-72.611553,10.883643],[-72.612356,10.883033],[-72.612973,10.88297],[-72.613723,10.884833],[-72.615444,10.88618],[-72.622156,10.886956],[-72.629469,10.884528],[-72.633754,10.884991],[-72.636442,10.884454],[-72.638152,10.885335],[-72.638823,10.884398],[-72.646542,10.881728],[-72.648043,10.880429],[-72.64946,10.87674],[-72.647796,10.874467],[-72.647951,10.873132],[-72.649744,10.866767],[-72.6511,10.863401],[-72.654458,10.85867],[-72.658252,10.857663],[-72.657342,10.854298],[-72.657672,10.85187],[-72.661178,10.845799],[-72.659739,10.845063],[-72.663082,10.838538],[-72.663421,10.836122],[-72.662501,10.835679],[-72.662361,10.834051],[-72.659327,10.832808],[-72.662746,10.829546],[-72.663754,10.826777],[-72.667434,10.825999],[-72.668795,10.822213],[-72.67157,10.822068],[-72.673698,10.82104],[-72.674733,10.821369],[-72.677212,10.819608]]}},{"type":"Feature","properties":{"DIVIPOLA":"44110"},"geometry":{"type":"LineString","coordinates":[[-72.783819,10.615596],[-72.785002,10.613381],[-72.784533,10.611127],[-72.790225,10.604747],[-72.791371,10.602273],[-72.790963,10.597848],[-72.792398,10.59517],[-72.790741,10.591169],[-72.794486,10.584124],[-72.799008,10.583818],[-72.80495,10.581198],[-72.807136,10.579119],[-72.808964,10.579311],[-72.810437,10.575867],[-72.811859,10.575741],[-72.812577,10.574608],[-72.815159,10.573803],[-72.818351,10.570402],[-72.820805,10.570078],[-72.820717,10.567295],[-72.825032,10.563129],[-72.823748,10.558172],[-72.825786,10.555105],[-72.824476,10.55279],[-72.824435,10.551214],[-72.825624,10.548208],[-72.83177,10.545174],[-72.833067,10.540879],[-72.835694,10.538923],[-72.839367,10.538539],[-72.842376,10.539072]]}},{"type":"Feature","properties":{"DIVIPOLA":"44279"},"geometry":{"type":"LineString","coordinates":[[-72.677212,10.819608],[-72.675729,10.818063],[-72.675903,10.816033],[-72.673864,10.814508],[-72.67481,10.811726],[-72.674805,10.808263],[-72.676605,10.80484],[-72.675751,10.804317],[-72.675942,10.803676],[-72.6824,10.796733],[-72.681939,10.79344],[-72.680205,10.790876],[-72.680578,10.788177],[-72.678694,10.78434],[-72.678659,10.782553],[-72.679745,10.780283],[-72.682875,10.778356],[-72.682593,10.777434],[-72.680947,10.777212],[-72.680699,10.776525],[-72.681829,10.775157],[-72.68137,10.773802],[-72.682722,10.771311],[-72.682131,10.76707],[-72.680038,10.766103],[-72.679545,10.764017],[-72.689071,10.757462],[-72.693138,10.757227],[-72.695347,10.759132],[-72.701792,10.758157],[-72.703381,10.758864],[-72.705614,10.757722],[-72.707622,10.757739],[-72.709922,10.753995],[-72.712611,10.75187],[-72.711399,10.750404],[-72.712396,10.74806],[-72.711969,10.747226],[-72.713664,10.745597],[-72.71409,10.742011],[-72.717963,10.739487],[-72.716934,10.737668],[-72.713951,10.73523],[-72.716677,10.728976],[-72.716622,10.72775],[-72.717331,10.727399],[-72.717879,10.723205],[-72.719691,10.720182],[-72.717724,10.715639],[-72.716772,10.708864],[-72.718457,10.708232],[-72.720895,10.703606],[-72.722216,10.703651],[-72.724506,10.701371],[-72.724662,10.699932],[-72.729266,10.696482],[-72.729602,10.694421],[-72.731031,10.692393],[-72.731586,10.690883],[-72.730949,10.688597],[-72.733858,10.684841],[-72.732988,10.681686],[-72.734905,10.679853],[-72.734546,10.677909],[-72.735668,10.674837],[-72.739066,10.670926],[-72.740004,10.661867],[-72.7374,10.658153],[-72.737225,10.656625],[-72.738513,10.654108],[-72.739356,10.653036],[-72.748621,10.652267]]}},{"type":"Feature","properties":{"DIVIPOLA":"44378"},"geometry":{"type":"LineString","coordinates":[[-72.492234,11.082932],[-72.491965,11.081528],[-72.490999,11.080919],[-72.491752,11.080017]]}},{"type":"Feature","properties":{"DIVIPOLA":"44420"},"geometry":{"type":"LineString","coordinates":[[-72.886051,10.453207],[-72.889308,10.448903],[-72.893002,10.446393],[-72.896489,10.448518],[-72.897292,10.44789],[-72.897864,10.446462],[-72.896203,10.443721],[-72.896228,10.441902],[-72.897477,10.441051],[-72.897773,10.438752],[-72.900777,10.435559]]}},{"type":"Feature","properties":{"DIVIPOLA":"44430"},"geometry":{"type":"LineString","coordinates":[[-71.979441,11.630796],[-72.060117,11.480264],[-72.094639,11.417817],[-72.128486,11.360333],[-72.246218,11.14429],[-72.24873,11.142849],[-72.249294,11.141786],[-72.250888,11.141648],[-72.251917,11.14014],[-72.255457,11.140773],[-72.257416,11.139364],[-72.260239,11.139632],[-72.261752,11.138291],[-72.264761,11.139646],[-72.266106,11.138358],[-72.276164,11.138401],[-72.279673,11.140864],[-72.282098,11.140455],[-72.28421,11.142094],[-72.285755,11.141367],[-72.288245,11.143781],[-72.290852,11.143307],[-72.291531,11.144193],[-72.293495,11.143073],[-72.294191,11.143642],[-72.29714,11.143526],[-72.298477,11.142042],[-72.299287,11.143954],[-72.302343,11.144646],[-72.308874,11.143583],[-72.312715,11.145826],[-72.312823,11.144687],[-72.314029,11.14378],[-72.316515,11.145385],[-72.317806,11.144942],[-72.319252,11.14579],[-72.321445,11.145569],[-72.323644,11.146455],[-72.326332,11.145786],[-72.326472,11.149129],[-72.328244,11.148992],[-72.333158,11.150874],[-72.335176,11.14855],[-72.338468,11.149217],[-72.341221,11.148864],[-72.34397,11.151112],[-72.346955,11.151556],[-72.348275,11.153295],[-72.34946,11.152918],[-72.349584,11.151686],[-72.351888,11.149021],[-72.353824,11.149371],[-72.358028,11.146874],[-72.359447,11.144628],[-72.359499,11.143252],[-72.361822,11.143234],[-72.36729,11.141257],[-72.368807,11.138583],[-72.372774,11.137617],[-72.373755,11.135814],[-72.37594,11.136631],[-72.379828,11.135243],[-72.381158,11.135466],[-72.38387,11.133389],[-72.38588,11.133988],[-72.389014,11.133577],[-72.391477,11.132262],[-72.39756,11.130986],[-72.398631,11.129835],[-72.408,11.126279],[-72.408953,11.126761],[-72.413681,11.126288],[-72.415318,11.12516],[-72.418226,11.127133],[-72.422512,11.126348],[-72.427229,11.123933],[-72.427844,11.122362],[-72.430031,11.122374],[-72.43275,11.120575],[-72.43745,11.115849],[-72.441745,11.121233],[-72.44241,11.122866],[-72.441897,11.124471],[-72.443209,11.125868],[-72.44402,11.126439],[-72.446887,11.12579],[-72.452842,11.121373],[-72.456379,11.11991],[-72.45753,11.115893],[-72.458832,11.115286]]}},{"type":"Feature","properties":{"DIVIPOLA":"44650"},"geometry":{"type":"LineString","coordinates":[[-72.748621,10.652267],[-72.74942,10.652155],[-72.75004,10.650973],[-72.749348,10.649287],[-72.749755,10.640829],[-72.749195,10.640107],[-72.752729,10.635292],[-72.755404,10.633335],[-72.760422,10.627754],[-72.761329,10.626506],[-72.761146,10.624642],[-72.764918,10.622876],[-72.767972,10.622573],[-72.771465,10.6192],[-72.773054,10.61826],[-72.774393,10.618359],[-72.778166,10.61592],[-72.780395,10.61657],[-72.783819,10.615596]]}},{"type":"Feature","properties":{"DIVIPOLA":"44847"},"geometry":{"type":"LineString","coordinates":[[-71.323777,11.848196],[-71.332845,11.850424],[-71.337644,11.850167],[-71.340565,11.848787],[-71.342397,11.849126],[-71.343236,11.84821],[-71.343123,11.846746],[-71.344943,11.84536],[-71.344117,11.842939],[-71.346611,11.841184],[-71.341351,11.841251],[-71.341809,11.842832],[-71.340631,11.843368],[-71.338044,11.841922],[-71.339323,11.840233],[-71.341695,11.840057],[-71.345073,11.837332],[-71.349847,11.838179],[-71.353701,11.837841],[-71.35806,11.835395],[-71.359074,11.835885],[-71.359426,11.835062],[-71.362115,11.840939],[-71.363214,11.840949],[-71.364066,11.840034],[-71.364916,11.840333],[-71.363243,11.837099],[-71.363833,11.836061],[-71.361934,11.834243],[-71.362382,11.833206],[-71.365013,11.832959],[-71.365323,11.830127],[-71.361592,11.828561],[-71.361363,11.827919],[-71.362386,11.826939],[-71.36409,11.826829],[-71.368149,11.828961],[-71.369863,11.828062],[-71.37091,11.828],[-71.369301,11.829175],[-71.369777,11.830146],[-71.369168,11.832088],[-71.370434,11.831398],[-71.371357,11.832188],[-71.372794,11.831222],[-71.374336,11.831717],[-71.376983,11.831182],[-71.379254,11.832412],[-71.380392,11.831952],[-71.381877,11.829774],[-71.385914,11.830294],[-71.386524,11.829684],[-71.384696,11.829009],[-71.387996,11.828348],[-71.388617,11.823693],[-71.387284,11.81565],[-71.385546,11.813876],[-71.381663,11.813709],[-71.378173,11.812206],[-71.51605,11.768636],[-71.611028,11.745511],[-71.782656,11.686806],[-71.972311,11.643928],[-71.979441,11.630796]]}},{"type":"Feature","properties":{"DIVIPOLA":"44855"},"geometry":{"type":"LineString","coordinates":[[-72.843818,10.507781],[-72.844214,10.504811],[-72.84271,10.501465],[-72.843438,10.500625],[-72.842701,10.499772],[-72.842369,10.496453],[-72.846527,10.493538],[-72.844471,10.486624],[-72.84585,10.484938],[-72.849721,10.484065],[-72.854228,10.480021],[-72.854528,10.475784],[-72.855645,10.473877],[-72.85644,10.473393],[-72.859794,10.474264],[-72.860681,10.473493],[-72.860528,10.467389],[-72.862364,10.463396],[-72.866619,10.462244],[-72.867946,10.459974],[-72.869048,10.459526],[-72.870129,10.460194],[-72.872185,10.459462],[-72.873407,10.45779],[-72.878166,10.45742],[-72.879426,10.455622],[-72.88529,10.454091],[-72.886051,10.453207]]}},{"type":"Feature","properties":{"DIVIPOLA":"44874"},"geometry":{"type":"LineString","coordinates":[[-72.842376,10.539072],[-72.842652,10.537235],[-72.839615,10.534303],[-72.839686,10.532168],[-72.838367,10.531722],[-72.838724,10.527289],[-72.837293,10.5258],[-72.835861,10.520262],[-72.836992,10.518444],[-72.837149,10.516577],[-72.836049,10.513349],[-72.838008,10.509806],[-72.843818,10.507781]]}},{"type":"Feature","properties":{"DIVIPOLA":"52079"},"geometry":{"type":"LineString","coordinates":[[-78.29094,1.138163],[-78.292026,1.144149],[-78.292941,1.145435],[-78.294878,1.146146],[-78.295377,1.147999],[-78.298586,1.148783],[-78.298443,1.149425],[-78.297088,1.148997],[-78.296733,1.149726],[-78.297688,1.151398],[-78.297253,1.154446],[-78.298477,1.155552],[-78.298372,1.156339],[-78.295348,1.157862],[-78.296167,1.158962],[-78.298598,1.159322],[-78.297926,1.160761],[-78.295695,1.16118],[-78.296921,1.163181],[-78.294977,1.165066],[-78.294849,1.168857],[-78.295522,1.171088],[-78.2974,1.172293],[-78.300565,1.170654],[-78.30485,1.172225],[-78.305178,1.173667],[-78.303783,1.175041],[-78.305332,1.176904],[-78.305389,1.178769],[-78.308809,1.179919],[-78.311931,1.183698],[-78.310776,1.186556],[-78.311796,1.187549],[-78.311009,1.19083],[-78.314005,1.190299],[-78.31913,1.1947],[-78.323002,1.191253],[-78.323874,1.192062],[-78.32277,1.193859],[-78.323175,1.194937],[-78.32477,1.19572],[-78.326386,1.19484],[-78.327052,1.193866],[-78.326983,1.191723],[-78.328291,1.189703],[-78.327577,1.186911],[-78.327993,1.185188],[-78.330905,1.183762],[-78.337857,1.182753],[-78.338392,1.18204],[-78.337798,1.178891],[-78.341185,1.179307],[-78.341422,1.182337],[-78.344215,1.183465],[-78.350929,1.182574],[-78.354257,1.180792],[-78.356931,1.182218],[-78.357169,1.178],[-78.359248,1.176871],[-78.360311,1.174362],[-78.362846,1.177261],[-78.364323,1.176457],[-78.365612,1.174338],[-78.368399,1.175921],[-78.374757,1.174673],[-78.37661,1.172369],[-78.377824,1.171759],[-78.379416,1.17207],[-78.380855,1.170215],[-78.381123,1.16882],[-78.380116,1.166554],[-78.383072,1.162722],[-78.382712,1.160155],[-78.383194,1.159296],[-78.386997,1.159405],[-78.388288,1.157638],[-78.393415,1.154712],[-78.395019,1.15287],[-78.402328,1.152989],[-78.402209,1.156791],[-78.405893,1.158336],[-78.407913,1.160534],[-78.410505,1.159815],[-78.41808,1.160149],[-78.421318,1.155972],[-78.4246,1.154616],[-78.425668,1.152868],[-78.42457,1.151238],[-78.419835,1.149641],[-78.417211,1.147474],[-78.41647,1.144565],[-78.416698,1.141657],[-78.415924,1.139934],[-78.416585,1.139046],[-78.419493,1.138406],[-78.426794,1.138919],[-78.431643,1.141314],[-78.433297,1.144964],[-78.432955,1.147873],[-78.433925,1.151922],[-78.438203,1.158082],[-78.438032,1.159051],[-78.435561,1.158706],[-78.434615,1.15928],[-78.434666,1.162131],[-78.433069,1.164013],[-78.432157,1.167777],[-78.432784,1.171313],[-78.431871,1.171484],[-78.429818,1.16983],[-78.426281,1.170743],[-78.42765,1.175476],[-78.425311,1.177701],[-78.425768,1.179069],[-78.428563,1.180723],[-78.429932,1.187396],[-78.432442,1.189734],[-78.437576,1.190875],[-78.438032,1.193954],[-78.439815,1.193869],[-78.442344,1.190088],[-78.443109,1.183518],[-78.446018,1.182548],[-78.448642,1.183974],[-78.451038,1.183518],[-78.452022,1.182718],[-78.454011,1.177371],[-78.455601,1.176161],[-78.456685,1.177529],[-78.458168,1.177929],[-78.462218,1.176218],[-78.463131,1.177073],[-78.463245,1.180096],[-78.46393,1.181122],[-78.465413,1.18135],[-78.46798,1.180267],[-78.469748,1.181122],[-78.47049,1.18443],[-78.469577,1.188365],[-78.475959,1.191043],[-78.478569,1.193809],[-78.479931,1.193925],[-78.481043,1.191445],[-78.483952,1.189392],[-78.486519,1.188593],[-78.488743,1.186084],[-78.490455,1.18597],[-78.491653,1.18865],[-78.494334,1.190647],[-78.494619,1.191559],[-78.494334,1.193213],[-78.492907,1.194468],[-78.492736,1.196635],[-78.495646,1.198175],[-78.497699,1.197889],[-78.501464,1.195779],[-78.502662,1.19595],[-78.503689,1.197433],[-78.506084,1.197034],[-78.506997,1.196179],[-78.508823,1.189905],[-78.509658,1.189392]]}},{"type":"Feature","properties":{"DIVIPOLA":"52224"},"geometry":{"type":"LineString","coordinates":[[-77.684926,0.828719],[-77.685873,0.829876],[-77.685444,0.828705],[-77.686182,0.828125],[-77.687005,0.830019],[-77.693544,0.832793],[-77.69442,0.83424],[-77.694282,0.836462],[-77.696042,0.837976],[-77.694943,0.839984],[-77.697218,0.840265],[-77.698512,0.83933],[-77.700616,0.841274],[-77.704705,0.841561],[-77.704587,0.842753],[-77.706964,0.843699],[-77.706433,0.845608],[-77.708924,0.846697],[-77.708695,0.848289],[-77.712161,0.848603],[-77.713871,0.850959],[-77.715148,0.850591],[-77.715637,0.848974],[-77.71769,0.849118],[-77.718368,0.850539],[-77.719089,0.849404],[-77.721055,0.850049],[-77.721583,0.848002],[-77.723049,0.847655],[-77.722602,0.84677],[-77.7258,0.846993],[-77.726174,0.845517],[-77.729232,0.843548],[-77.729167,0.842227],[-77.731451,0.841061],[-77.732081,0.839973],[-77.732938,0.840621],[-77.734223,0.840074],[-77.734282,0.839104],[-77.736918,0.837058],[-77.741391,0.836463],[-77.744008,0.833875],[-77.74615,0.834512],[-77.746496,0.833169],[-77.748036,0.833352],[-77.75198,0.836992],[-77.756013,0.837278],[-77.75908,0.838901]]}},{"type":"Feature","properties":{"DIVIPOLA":"52227"},"geometry":{"type":"LineString","coordinates":[[-77.75908,0.838901],[-77.761593,0.839717],[-77.761945,0.841329],[-77.764365,0.841799],[-77.765656,0.840401],[-77.767232,0.840098],[-77.767779,0.838343],[-77.768986,0.840126],[-77.77089,0.839663],[-77.772378,0.840151],[-77.773466,0.839527],[-77.77431,0.841032],[-77.778053,0.836862],[-77.778001,0.835777],[-77.779962,0.83616],[-77.781089,0.835078],[-77.782151,0.835196],[-77.78284,0.83354],[-77.784507,0.83384],[-77.785574,0.834994],[-77.786886,0.834339],[-77.788361,0.83552],[-77.790935,0.834506],[-77.79412,0.834423],[-77.797261,0.832817],[-77.798647,0.830021],[-77.800158,0.831014],[-77.801901,0.829866],[-77.802552,0.831281],[-77.803983,0.83105],[-77.804964,0.829896],[-77.804036,0.829491],[-77.804479,0.827611],[-77.807403,0.826576],[-77.811585,0.819926],[-77.813893,0.819563],[-77.813539,0.816833],[-77.812855,0.816223],[-77.815255,0.815649],[-77.819784,0.807774],[-77.825898,0.806303],[-77.826734,0.80497],[-77.827572,0.806507],[-77.834029,0.80587],[-77.835193,0.803983],[-77.837397,0.804066],[-77.838308,0.803143],[-77.839802,0.803971],[-77.840411,0.803182],[-77.84181,0.803353],[-77.842714,0.802234],[-77.844775,0.802958],[-77.844594,0.803729],[-77.846817,0.802163],[-77.851196,0.802934],[-77.85384,0.802037],[-77.854417,0.802672],[-77.855126,0.802068],[-77.856135,0.802677],[-77.85636,0.801859],[-77.858965,0.801575],[-77.862944,0.802757],[-77.865534,0.8014],[-77.867152,0.801471],[-77.873812,0.805233],[-77.876631,0.804453],[-77.877791,0.805851],[-77.881427,0.807804],[-77.882907,0.807546],[-77.884201,0.808777],[-77.89017,0.810205],[-77.90017,0.81179],[-77.904364,0.810809],[-77.906207,0.81206],[-77.910378,0.810743],[-77.913804,0.812308],[-77.921333,0.813425],[-77.924837,0.815899],[-77.931467,0.815223],[-77.934732,0.816479],[-77.937025,0.816357],[-77.939785,0.819494],[-77.944977,0.821609],[-77.958153,0.82419],[-77.965595,0.824121],[-77.966417,0.825954],[-77.966607,0.829987],[-77.967517,0.831296],[-77.970533,0.832045],[-77.972125,0.833213],[-77.974584,0.833006],[-77.977668,0.834464],[-77.979745,0.834499],[-77.98347,0.841911],[-77.988355,0.844364],[-77.990829,0.844364],[-77.991781,0.845233],[-77.991447,0.85117],[-77.993217,0.852284],[-77.995816,0.85611],[-78.003839,0.859451],[-78.005181,0.861136],[-78.009877,0.864138],[-78.011489,0.866363],[-78.012391,0.866461],[-78.012617,0.869176],[-78.014304,0.86943],[-78.014499,0.868559],[-78.014955,0.868745],[-78.01564,0.870826],[-78.018716,0.86993],[-78.021086,0.872077],[-78.021719,0.87477],[-78.023916,0.873835],[-78.025062,0.87437],[-78.026768,0.876883],[-78.027767,0.876612],[-78.029223,0.877925],[-78.031048,0.877971],[-78.033538,0.879744],[-78.040676,0.879757],[-78.04103,0.88044],[-78.045753,0.881692],[-78.049991,0.885027],[-78.050967,0.887261],[-78.053828,0.888679],[-78.05701,0.88797],[-78.05842,0.888612],[-78.059969,0.887045],[-78.060561,0.888376],[-78.062125,0.888187],[-78.064751,0.889501],[-78.065694,0.888965],[-78.066422,0.88964],[-78.066029,0.890811],[-78.066567,0.891862],[-78.065801,0.893152],[-78.067638,0.895184],[-78.070974,0.895917],[-78.071093,0.897088],[-78.07356,0.895723],[-78.075224,0.896377],[-78.07564,0.897387],[-78.079027,0.897922],[-78.080395,0.896761],[-78.081723,0.897675],[-78.084969,0.896199],[-78.085919,0.896912],[-78.088118,0.896793],[-78.090105,0.8994],[-78.092218,0.900298],[-78.092288,0.901801],[-78.095218,0.902579],[-78.098814,0.905229],[-78.100121,0.909448],[-78.1022,0.909804],[-78.103151,0.911289],[-78.104637,0.911289],[-78.105053,0.912834],[-78.106003,0.913309],[-78.105825,0.915686],[-78.106538,0.917587],[-78.105689,0.920893],[-78.106366,0.922096],[-78.106003,0.92341],[-78.107311,0.925251],[-78.106954,0.927865],[-78.11147,0.932203],[-78.113906,0.932084],[-78.116818,0.93351],[-78.117353,0.93452],[-78.11967,0.934282],[-78.121571,0.936302],[-78.125018,0.936658],[-78.127454,0.935767],[-78.132386,0.936302],[-78.133336,0.935648],[-78.135535,0.936183],[-78.136783,0.93452],[-78.142784,0.931549],[-78.14547,0.926499],[-78.147657,0.926261],[-78.149142,0.924835],[-78.151103,0.925727],[-78.15348,0.924598],[-78.155144,0.92543],[-78.159125,0.925786],[-78.16061,0.927628],[-78.164473,0.92947],[-78.166077,0.931668],[-78.171009,0.933747],[-78.172316,0.933272],[-78.173326,0.935054],[-78.176059,0.935054],[-78.177307,0.937371],[-78.179387,0.936302],[-78.183012,0.938322],[-78.185032,0.937906],[-78.188538,0.941827],[-78.1924,0.943669],[-78.193945,0.945867],[-78.196262,0.944917],[-78.196797,0.946818],[-78.198817,0.947293],[-78.19751,0.948066],[-78.197748,0.949491],[-78.19858,0.950145],[-78.200339,0.95004],[-78.19924,0.951556],[-78.199551,0.953523],[-78.197289,0.954063],[-78.195787,0.955848],[-78.193998,0.955559],[-78.193693,0.957264],[-78.191093,0.96078],[-78.192222,0.964879],[-78.193826,0.96684],[-78.192159,0.969226],[-78.192162,0.970286],[-78.19448,0.972721],[-78.194123,0.97391],[-78.195371,0.975811],[-78.196557,0.976073],[-78.19518,0.977175],[-78.195567,0.982052],[-78.194872,0.984509],[-78.198164,0.986742],[-78.19861,0.988975],[-78.202264,0.991733],[-78.202798,0.993753],[-78.201907,0.99708],[-78.204106,0.997377],[-78.205888,1.002011],[-78.207552,1.002189],[-78.208946,1.004656]]}},{"type":"Feature","properties":{"DIVIPOLA":"52356"},"geometry":{"type":"LineString","coordinates":[[-77.113394,0.37265],[-77.116646,0.373762],[-77.121304,0.38061],[-77.124152,0.381726],[-77.130779,0.379416],[-77.135693,0.375038],[-77.140949,0.375668],[-77.147372,0.375337],[-77.153214,0.379959],[-77.156935,0.38183],[-77.159782,0.382268],[-77.162157,0.386623],[-77.165555,0.389373],[-77.167226,0.389888],[-77.17047,0.387765],[-77.174457,0.389693],[-77.179923,0.390779],[-77.185502,0.388426],[-77.187028,0.386816],[-77.188255,0.381589],[-77.195233,0.378735],[-77.200324,0.375222],[-77.201366,0.373452],[-77.20081,0.37151],[-77.201509,0.369883],[-77.208395,0.367845],[-77.211231,0.365599],[-77.216757,0.364643],[-77.219384,0.365343],[-77.221188,0.364758],[-77.223011,0.365615],[-77.232195,0.36242],[-77.235416,0.365851],[-77.237681,0.366745],[-77.240357,0.366046],[-77.242887,0.366327],[-77.245505,0.364737],[-77.249884,0.36564],[-77.253868,0.36453],[-77.255311,0.364759],[-77.259096,0.369582],[-77.263891,0.370467],[-77.268176,0.368839],[-77.269506,0.365134],[-77.270921,0.364084],[-77.27814,0.365512],[-77.285699,0.364594],[-77.287669,0.36358],[-77.291248,0.36607],[-77.296692,0.365565],[-77.297301,0.367564],[-77.298561,0.368712],[-77.301995,0.368156],[-77.302884,0.368727],[-77.310075,0.374143],[-77.310091,0.375797],[-77.312083,0.380541],[-77.313415,0.381291],[-77.317618,0.380794],[-77.318604,0.381279],[-77.3191,0.383315],[-77.325289,0.389572],[-77.327478,0.389905],[-77.33025,0.388453],[-77.335041,0.388389],[-77.33978,0.389631],[-77.340172,0.391261],[-77.346808,0.392146],[-77.35009,0.391628],[-77.35774,0.396591],[-77.36011,0.393552],[-77.361647,0.39357],[-77.362369,0.396359],[-77.368556,0.398094],[-77.369848,0.400424],[-77.371005,0.401111],[-77.374364,0.400593],[-77.375239,0.397864],[-77.376786,0.397026],[-77.378476,0.396574],[-77.381241,0.397205],[-77.38332,0.396017],[-77.383501,0.395146],[-77.380489,0.390678],[-77.378509,0.390017],[-77.379103,0.386096],[-77.381945,0.385302],[-77.384306,0.387054],[-77.389712,0.388063],[-77.391406,0.390385],[-77.393538,0.391242],[-77.393614,0.392631],[-77.392205,0.394002],[-77.393214,0.395981],[-77.396203,0.396971],[-77.398735,0.400836],[-77.404784,0.403526],[-77.405062,0.405032],[-77.406899,0.406888],[-77.410731,0.407232],[-77.412844,0.409145],[-77.413301,0.41044],[-77.412169,0.4124],[-77.415214,0.415341],[-77.414415,0.416769],[-77.415632,0.417687],[-77.416528,0.41971],[-77.420611,0.420586],[-77.42182,0.422699],[-77.426826,0.423127],[-77.428787,0.422128],[-77.430909,0.422965],[-77.434574,0.421185],[-77.436601,0.421747],[-77.437905,0.419815],[-77.438259,0.417744],[-77.439277,0.417227],[-77.447398,0.419217],[-77.452005,0.419419],[-77.456265,0.421085],[-77.456752,0.425356],[-77.457961,0.427937],[-77.527865,0.400915],[-77.528004,0.403218],[-77.529661,0.405133],[-77.530348,0.408816],[-77.529947,0.409856],[-77.528399,0.410688],[-77.528209,0.412508],[-77.526701,0.414408],[-77.522511,0.416471],[-77.522097,0.419113],[-77.52033,0.42198],[-77.523001,0.430112],[-77.521237,0.432343],[-77.522573,0.434585],[-77.519604,0.43706],[-77.520675,0.438024],[-77.520485,0.43963],[-77.521595,0.442217],[-77.523084,0.443972],[-77.519822,0.44995],[-77.520137,0.451728],[-77.518804,0.453153],[-77.520675,0.454995],[-77.519515,0.457773],[-77.523328,0.463317],[-77.523382,0.466351],[-77.525773,0.467731],[-77.525809,0.471616],[-77.523937,0.474853],[-77.525464,0.477243],[-77.523881,0.478451],[-77.523629,0.481167],[-77.522058,0.482976],[-77.521585,0.48682],[-77.519345,0.491399],[-77.519212,0.493055],[-77.516553,0.495089],[-77.517713,0.497522],[-77.517235,0.49884],[-77.518278,0.503203],[-77.517906,0.505284],[-77.518563,0.505987],[-77.518315,0.509968],[-77.521115,0.512084],[-77.521201,0.51605],[-77.523153,0.520192],[-77.520868,0.525187],[-77.522059,0.531482],[-77.519061,0.533148],[-77.517537,0.535847],[-77.517451,0.537039],[-77.518746,0.538798],[-77.516356,0.543003],[-77.515776,0.545603],[-77.514456,0.546437],[-77.514504,0.549661],[-77.51166,0.550827],[-77.512016,0.552671],[-77.510415,0.560423],[-77.510245,0.56394],[-77.510836,0.565366],[-77.50644,0.566314],[-77.503603,0.569218],[-77.502416,0.574336],[-77.503283,0.575485],[-77.499644,0.579226],[-77.494816,0.582588],[-77.493383,0.58285],[-77.491884,0.582094],[-77.491366,0.584259],[-77.489031,0.585054],[-77.489512,0.586237],[-77.487985,0.58715],[-77.48801,0.594792],[-77.486728,0.596088],[-77.487154,0.599048],[-77.483642,0.603104],[-77.482181,0.605972],[-77.482442,0.607482],[-77.480263,0.609743],[-77.481584,0.611795],[-77.481281,0.612503],[-77.479981,0.6127],[-77.481087,0.617298],[-77.479637,0.620619],[-77.480682,0.622164],[-77.481004,0.629767],[-77.479334,0.630769],[-77.479048,0.631911],[-77.480142,0.635724],[-77.479125,0.640037],[-77.479496,0.641017],[-77.481081,0.641475],[-77.481452,0.643887],[-77.482822,0.645086],[-77.483679,0.65009],[-77.481634,0.650609],[-77.482354,0.652584],[-77.48117,0.653982],[-77.480587,0.656343],[-77.48189,0.656466],[-77.483104,0.655481],[-77.48633,0.656623],[-77.488043,0.658165],[-77.489444,0.658332],[-77.489772,0.659274],[-77.489189,0.660261],[-77.490685,0.660264],[-77.491798,0.662419],[-77.499436,0.658507],[-77.500636,0.659321],[-77.501878,0.658208],[-77.502863,0.658236],[-77.502049,0.659921],[-77.503234,0.661377],[-77.503891,0.660649],[-77.503762,0.658436],[-77.506803,0.655517],[-77.508735,0.656364],[-77.510468,0.656183],[-77.511024,0.657218],[-77.512743,0.656305],[-77.51437,0.656897],[-77.515641,0.656462],[-77.518624,0.657592],[-77.520452,0.656916],[-77.522127,0.658191],[-77.522921,0.655885],[-77.526629,0.656002],[-77.528747,0.655177],[-77.530518,0.653221],[-77.537827,0.65245],[-77.540983,0.649595],[-77.54249,0.650557],[-77.543825,0.64994],[-77.546752,0.650166],[-77.548299,0.648524],[-77.549298,0.650035],[-77.550416,0.650177],[-77.55525,0.648936],[-77.555738,0.649471],[-77.55682,0.648721],[-77.558367,0.650375],[-77.558724,0.649721],[-77.559973,0.650137],[-77.560211,0.649602],[-77.560604,0.650387],[-77.56108,0.649947],[-77.56095,0.650643],[-77.561829,0.650113],[-77.561829,0.651137],[-77.563566,0.650411],[-77.563685,0.651803],[-77.564875,0.651113],[-77.564292,0.652314],[-77.565291,0.651624],[-77.565874,0.6521],[-77.565303,0.652766],[-77.566029,0.652719],[-77.568147,0.657133],[-77.569455,0.656645],[-77.569681,0.657537],[-77.570669,0.656966],[-77.574012,0.659477],[-77.575594,0.659072],[-77.578485,0.660143],[-77.579306,0.662261],[-77.581186,0.66376],[-77.580674,0.66458],[-77.581745,0.666812],[-77.58466,0.666682],[-77.584232,0.66769],[-77.58526,0.667852],[-77.585517,0.668947],[-77.586507,0.668538],[-77.588391,0.669109],[-77.588353,0.672887],[-77.595482,0.672887],[-77.600378,0.676525],[-77.600706,0.675597],[-77.602648,0.675605],[-77.602319,0.67639],[-77.603468,0.678174],[-77.604882,0.678239],[-77.606145,0.680566],[-77.606824,0.68068],[-77.60616,0.682686],[-77.606988,0.682871],[-77.606598,0.68376],[-77.607366,0.683914],[-77.60778,0.686134],[-77.609872,0.686541],[-77.610828,0.688818],[-77.61207,0.689046],[-77.61262,0.687761],[-77.613298,0.68804],[-77.615261,0.686983],[-77.616482,0.688361],[-77.616891,0.690466],[-77.618586,0.691423],[-77.619448,0.690742],[-77.619796,0.691823],[-77.621487,0.692425],[-77.622579,0.69418],[-77.624639,0.694804],[-77.625044,0.696055],[-77.626438,0.696169],[-77.626459,0.695341],[-77.629402,0.695453],[-77.631071,0.697037],[-77.630856,0.697644],[-77.6335,0.697972],[-77.634932,0.69908],[-77.635326,0.698305],[-77.636296,0.698657],[-77.638076,0.701149],[-77.638025,0.702116],[-77.639283,0.701964],[-77.640008,0.702887],[-77.640793,0.702346],[-77.640924,0.703146],[-77.644101,0.703323],[-77.644999,0.704078],[-77.645797,0.703287],[-77.646302,0.704023],[-77.646795,0.703545],[-77.649184,0.704783],[-77.65118,0.703753],[-77.65179,0.704524],[-77.652516,0.704197],[-77.653518,0.705968],[-77.662928,0.705985],[-77.665264,0.708462],[-77.666317,0.711043],[-77.665058,0.712885],[-77.663729,0.721157],[-77.66652,0.725892],[-77.6684,0.726287],[-77.672957,0.729521],[-77.675494,0.736589],[-77.684792,0.739401],[-77.687543,0.738902],[-77.691197,0.740439],[-77.696512,0.74016],[-77.697834,0.741404],[-77.696116,0.749844],[-77.694552,0.749792],[-77.693572,0.750811],[-77.697397,0.754526],[-77.691949,0.759211],[-77.688744,0.769187],[-77.685903,0.770174],[-77.685322,0.771687],[-77.684488,0.771691],[-77.682749,0.775998],[-77.677105,0.777682],[-77.674142,0.780022],[-77.671249,0.780048],[-77.670141,0.78212],[-77.665084,0.784885],[-77.663187,0.789028],[-77.661498,0.789949],[-77.676199,0.790961],[-77.67675,0.792217],[-77.676391,0.794699],[-77.677199,0.796577],[-77.675137,0.798163],[-77.674359,0.801818],[-77.672747,0.801767],[-77.671403,0.803731],[-77.669044,0.803503],[-77.66807,0.804431],[-77.663737,0.811719],[-77.663776,0.814606],[-77.665466,0.816331],[-77.665018,0.817889],[-77.670173,0.817926],[-77.670044,0.818712],[-77.671434,0.820396],[-77.669821,0.821224],[-77.671553,0.822747],[-77.672581,0.82239],[-77.673,0.823789],[-77.676398,0.824137],[-77.676935,0.82249],[-77.678401,0.823375],[-77.678729,0.821567],[-77.683249,0.826272],[-77.68404,0.825169],[-77.685111,0.825203],[-77.684926,0.828719]]}},{"type":"Feature","properties":{"DIVIPOLA":"52612"},"geometry":{"type":"LineString","coordinates":[[-78.208946,1.004656],[-78.210285,1.005576],[-78.213078,1.00516],[-78.216455,1.007047],[-78.21902,1.009675],[-78.221278,1.009022],[-78.222526,1.011101],[-78.225794,1.012527],[-78.227636,1.012051],[-78.228468,1.013656],[-78.230548,1.013299],[-78.231379,1.014606],[-78.234283,1.015649],[-78.238044,1.019291],[-78.236684,1.020689],[-78.238238,1.022308],[-78.236297,1.023324],[-78.239073,1.025931],[-78.239194,1.027111],[-78.241718,1.027739],[-78.243284,1.029382],[-78.245035,1.02821],[-78.246304,1.028864],[-78.247771,1.028182],[-78.25065,1.028463],[-78.252005,1.031168],[-78.253309,1.031774],[-78.253091,1.036174],[-78.254775,1.037506],[-78.256137,1.037015],[-78.257512,1.037454],[-78.257528,1.040494],[-78.259981,1.040562],[-78.262637,1.042465],[-78.264816,1.042056],[-78.265422,1.043223],[-78.266618,1.043316],[-78.266266,1.045177],[-78.267535,1.046272],[-78.271268,1.047374],[-78.274768,1.050468],[-78.275613,1.052947],[-78.281544,1.055749],[-78.281758,1.057745],[-78.277038,1.061184],[-78.276412,1.062473],[-78.279548,1.067369],[-78.277195,1.072289],[-78.275126,1.072954],[-78.273151,1.075151],[-78.271682,1.074617],[-78.266499,1.077707],[-78.263653,1.080972],[-78.26241,1.081067],[-78.262078,1.082127],[-78.258343,1.080387],[-78.255732,1.080558],[-78.254021,1.077564],[-78.252096,1.07899],[-78.251525,1.082982],[-78.2496,1.083909],[-78.251026,1.088686],[-78.253522,1.089256],[-78.255803,1.087402],[-78.255803,1.089684],[-78.252523,1.093248],[-78.252811,1.095033],[-78.251236,1.096896],[-78.250856,1.098828],[-78.252381,1.101358],[-78.253178,1.101571],[-78.2542,1.10074],[-78.254724,1.098125],[-78.258252,1.097427],[-78.260509,1.098167],[-78.26165,1.09995],[-78.263718,1.099522],[-78.264574,1.100021],[-78.265929,1.103585],[-78.267426,1.105439],[-78.264645,1.106081],[-78.262649,1.107649],[-78.26329,1.10993],[-78.265073,1.111998],[-78.270991,1.112853],[-78.274485,1.114421],[-78.275055,1.111855],[-78.277337,1.109289],[-78.281401,1.111712],[-78.281615,1.112425],[-78.279761,1.114208],[-78.27969,1.115919],[-78.28076,1.117487],[-78.279262,1.119911],[-78.27969,1.120552],[-78.282328,1.120552],[-78.281615,1.122477],[-78.282257,1.12319],[-78.285323,1.123832],[-78.286108,1.125757],[-78.288104,1.126897],[-78.287285,1.129326],[-78.290701,1.133232],[-78.290254,1.134926],[-78.29094,1.138163]]}},{"type":"Feature","properties":{"DIVIPOLA":"52835"},"geometry":{"type":"LineString","coordinates":[[-78.509658,1.189392],[-78.511104,1.189734],[-78.515382,1.187852],[-78.51698,1.188879],[-78.516923,1.19019],[-78.512359,1.19595],[-78.512587,1.199943],[-78.511332,1.202566],[-78.512644,1.204448],[-78.514641,1.203935],[-78.51544,1.204619],[-78.513899,1.211235],[-78.514185,1.213459],[-78.515497,1.214314],[-78.519033,1.212888],[-78.520859,1.213573],[-78.521486,1.215797],[-78.520573,1.219561],[-78.521258,1.221101],[-78.523768,1.221614],[-78.528046,1.220759],[-78.528845,1.221272],[-78.529986,1.224694],[-78.535918,1.225948],[-78.53877,1.229142],[-78.540596,1.229769],[-78.545045,1.226861],[-78.547098,1.22669],[-78.547213,1.228743],[-78.54379,1.232279],[-78.541622,1.233876],[-78.538257,1.234218],[-78.537686,1.235643],[-78.5382,1.237354],[-78.541508,1.237468],[-78.542478,1.238438],[-78.543334,1.24243],[-78.544703,1.244483],[-78.549598,1.243985],[-78.550462,1.242995],[-78.586951,1.243196],[-78.58947,1.24207],[-78.591769,1.239151],[-78.593685,1.239041],[-78.596359,1.241596],[-78.60155,1.24399],[-78.604185,1.247144],[-78.606287,1.246473],[-78.613404,1.247444],[-78.614893,1.246333],[-78.621066,1.249934],[-78.623573,1.253596],[-78.625382,1.254478],[-78.626782,1.258527],[-78.626913,1.26127],[-78.628264,1.262047],[-78.630487,1.261247],[-78.632843,1.261972],[-78.630288,1.264051],[-78.630211,1.26551],[-78.632009,1.265842],[-78.636049,1.26845],[-78.640389,1.265002],[-78.640211,1.265893],[-78.638547,1.266665],[-78.638785,1.267972],[-78.642707,1.269338],[-78.645015,1.273237],[-78.648827,1.277655],[-78.648719,1.283678],[-78.645881,1.288775],[-78.652955,1.291597],[-78.653942,1.29785],[-78.65542,1.3014],[-78.657541,1.302583],[-78.657402,1.304507],[-78.658435,1.30545],[-78.65931,1.304984],[-78.659839,1.305443],[-78.658046,1.306965],[-78.659575,1.307173],[-78.658963,1.308647],[-78.661222,1.310558],[-78.659887,1.312594],[-78.662285,1.312205],[-78.662549,1.314693],[-78.66077,1.318981],[-78.662428,1.321092],[-78.667444,1.320938],[-78.669127,1.319742],[-78.6717,1.321214],[-78.671484,1.32333],[-78.674846,1.322459],[-78.67638,1.326393],[-78.679516,1.326938],[-78.679719,1.32929],[-78.682214,1.331963],[-78.685185,1.33333],[-78.686718,1.333184],[-78.690424,1.334462],[-78.690833,1.331564],[-78.694752,1.330181],[-78.695018,1.334747],[-78.696416,1.335052],[-78.697608,1.336752],[-78.700219,1.335528],[-78.699304,1.337005],[-78.70075,1.339976],[-78.701706,1.339897],[-78.702298,1.33826],[-78.703725,1.342792],[-78.703369,1.34623],[-78.704319,1.347111],[-78.703561,1.349332],[-78.706101,1.350735],[-78.705906,1.351805],[-78.707077,1.352678],[-78.707587,1.355071],[-78.709607,1.357269],[-78.709673,1.358973],[-78.713824,1.362408],[-78.715193,1.361724],[-78.717629,1.363328],[-78.72054,1.369269],[-78.726245,1.369684],[-78.728265,1.368318],[-78.728978,1.369031],[-78.728265,1.370278],[-78.729334,1.370397],[-78.731711,1.368912],[-78.736108,1.372417],[-78.739852,1.376932],[-78.742407,1.377704],[-78.744189,1.376872],[-78.746923,1.379011],[-78.747992,1.383109],[-78.751736,1.389466],[-78.753816,1.391545],[-78.760173,1.395168],[-78.766828,1.394752],[-78.767779,1.391069],[-78.770097,1.391545],[-78.774315,1.390832],[-78.778297,1.392139],[-78.779247,1.393327],[-78.779247,1.396356],[-78.777748,1.399528],[-78.77675,1.404376],[-78.777677,1.406657],[-78.779388,1.407726],[-78.781038,1.410213],[-78.780869,1.413846],[-78.782133,1.414391],[-78.782668,1.413975],[-78.784391,1.409936],[-78.785758,1.408569],[-78.791938,1.40851],[-78.793067,1.410054],[-78.79271,1.412134],[-78.797286,1.423479],[-78.798415,1.428113],[-78.804297,1.430726],[-78.80602,1.430489],[-78.806971,1.431142],[-78.81119,1.430548],[-78.813315,1.431701]]}},{"type":"Feature","properties":{"DIVIPOLA":"54001"},"geometry":{"type":"LineString","coordinates":[[-72.471811,8.431098],[-72.428269,8.381837]]}},{"type":"Feature","properties":{"DIVIPOLA":"54001"},"geometry":{"type":"LineString","coordinates":[[-72.386477,8.278801],[-72.384317,8.278468],[-72.385654,8.277088],[-72.385973,8.274275],[-72.388861,8.268721],[-72.389575,8.260084],[-72.389942,8.259446],[-72.391812,8.259737],[-72.392935,8.259037],[-72.392072,8.258016],[-72.392185,8.256216],[-72.390415,8.255166],[-72.393666,8.252609],[-72.392054,8.251178],[-72.390444,8.253606],[-72.388302,8.252627],[-72.385918,8.252788],[-72.38573,8.251793],[-72.387165,8.251757],[-72.387648,8.250975],[-72.385623,8.246182],[-72.384339,8.245508],[-72.382023,8.24714],[-72.380617,8.246753],[-72.380556,8.24612],[-72.386071,8.242696],[-72.386441,8.241743],[-72.384251,8.238532],[-72.383403,8.235706],[-72.381318,8.234507],[-72.383507,8.23208],[-72.381474,8.229433],[-72.381545,8.227489],[-72.380481,8.224786],[-72.379703,8.223774],[-72.377516,8.223418],[-72.377558,8.220372],[-72.379396,8.219769],[-72.379516,8.218895],[-72.375402,8.216156],[-72.374856,8.214848],[-72.374829,8.213331],[-72.37626,8.211859],[-72.376669,8.209619],[-72.374743,8.206265],[-72.374898,8.205211],[-72.373232,8.202816],[-72.371298,8.203762],[-72.371567,8.200688],[-72.369753,8.201415],[-72.368815,8.200818],[-72.369331,8.198643],[-72.372883,8.197189],[-72.374056,8.195179],[-72.372267,8.193886],[-72.369769,8.196203],[-72.368609,8.196163],[-72.366695,8.192724],[-72.367193,8.192005],[-72.369352,8.192078],[-72.369318,8.190548],[-72.36696,8.189867],[-72.363204,8.191793],[-72.362205,8.191232],[-72.362274,8.19028],[-72.363951,8.188859],[-72.363644,8.187785],[-72.366031,8.18765],[-72.367144,8.184301],[-72.366591,8.183725],[-72.364408,8.184836],[-72.364009,8.18179],[-72.360975,8.182117],[-72.361992,8.180131],[-72.359655,8.178566],[-72.361826,8.17768],[-72.359268,8.176157],[-72.359277,8.174463],[-72.35735,8.174056],[-72.359591,8.173042],[-72.358096,8.173085],[-72.358803,8.17139],[-72.356922,8.167642],[-72.353781,8.165754],[-72.355498,8.163059],[-72.354298,8.161835],[-72.354777,8.161242],[-72.353863,8.158847],[-72.354152,8.157448],[-72.352203,8.157452],[-72.353485,8.156381],[-72.354887,8.156642],[-72.353983,8.154389],[-72.358522,8.153348],[-72.359182,8.15098],[-72.361003,8.150243],[-72.364245,8.150921],[-72.365797,8.149136],[-72.364554,8.147893],[-72.364346,8.145478],[-72.364625,8.144175],[-72.366648,8.141998],[-72.365619,8.140594],[-72.365988,8.13994],[-72.364667,8.139749],[-72.362365,8.141361],[-72.361865,8.140392],[-72.362287,8.138696],[-72.365101,8.136269],[-72.364084,8.136013],[-72.363275,8.13361],[-72.36205,8.133473],[-72.361681,8.134556],[-72.361116,8.134181],[-72.361312,8.13276],[-72.362246,8.131998],[-72.364161,8.13242],[-72.364524,8.129785],[-72.363442,8.129357],[-72.363543,8.128221],[-72.361473,8.128161],[-72.362793,8.126418],[-72.362246,8.125699],[-72.360837,8.126007],[-72.360579,8.125229],[-72.36155,8.124144],[-72.36065,8.123986],[-72.360429,8.121683],[-72.358921,8.120493],[-72.360067,8.120329],[-72.359906,8.119264],[-72.362065,8.120213],[-72.36211,8.118913],[-72.365501,8.118655],[-72.36553,8.11741],[-72.366384,8.117777],[-72.367684,8.117093],[-72.367339,8.115118],[-72.368011,8.113976],[-72.368772,8.113404],[-72.370973,8.113636],[-72.370129,8.112256],[-72.371265,8.112066],[-72.371765,8.109663],[-72.372829,8.108872],[-72.372092,8.108164],[-72.373293,8.106748],[-72.372461,8.10579],[-72.373621,8.105701],[-72.373402,8.10483],[-72.372401,8.104922],[-72.373112,8.100885],[-72.370454,8.093684],[-72.366206,8.09023],[-72.36396,8.090921],[-72.360894,8.089205],[-72.359396,8.089448],[-72.356796,8.087373],[-72.352925,8.087447],[-72.353018,8.086363],[-72.351384,8.083654],[-72.352284,8.076283],[-72.354676,8.075438],[-72.351491,8.074199],[-72.351687,8.070141],[-72.349966,8.065827],[-72.349842,8.060894],[-72.348674,8.059842],[-72.348236,8.054329],[-72.347335,8.05224],[-72.347802,8.0506],[-72.347082,8.042957],[-72.347858,8.040743],[-72.346754,8.037889],[-72.349274,8.034821],[-72.349194,8.033788],[-72.353623,8.03202],[-72.354198,8.030485],[-72.347537,8.018774],[-72.349751,8.006997],[-72.349151,8.006176],[-72.349548,8.004583],[-72.35149,8.004203],[-72.354851,8.006954],[-72.362085,8.01022],[-72.364552,8.016985],[-72.365894,8.018613],[-72.369054,8.0213],[-72.370182,8.02095],[-72.37213,8.022913],[-72.377356,8.025904],[-72.378019,8.029716],[-72.37999,8.03069],[-72.379905,8.031716],[-72.381171,8.03175],[-72.383385,8.034465],[-72.385693,8.033967],[-72.388027,8.035384],[-72.388674,8.034788],[-72.390188,8.035173],[-72.392841,8.034311],[-72.39464,8.032505],[-72.395807,8.032886],[-72.396698,8.032224],[-72.397495,8.032865],[-72.398304,8.031996],[-72.400261,8.032787],[-72.401764,8.034418],[-72.403286,8.034216],[-72.403905,8.035011],[-72.407621,8.033764],[-72.408995,8.034485],[-72.40998,8.033939],[-72.413846,8.034568],[-72.415998,8.033352],[-72.416643,8.030168],[-72.413354,8.02811],[-72.411592,8.021827],[-72.412556,8.020151],[-72.415316,8.019114],[-72.418292,8.013995],[-72.41664,8.011127],[-72.421762,8.008482],[-72.419242,8.002516],[-72.418386,7.997045],[-72.418746,7.995464],[-72.420459,7.993937],[-72.422415,7.993326],[-72.422885,7.991401],[-72.424688,7.98991],[-72.429897,7.989556],[-72.431725,7.99163],[-72.433127,7.992076],[-72.437068,7.991215],[-72.439859,7.985309],[-72.442698,7.983693],[-72.440057,7.978705],[-72.442454,7.977806],[-72.444022,7.976184],[-72.443157,7.975219],[-72.441059,7.974646],[-72.440569,7.972674],[-72.444846,7.973709],[-72.446652,7.971155],[-72.44876,7.969936],[-72.449065,7.968498],[-72.447592,7.965133],[-72.448607,7.963641],[-72.456406,7.966778],[-72.463751,7.963674],[-72.467505,7.964367],[-72.471834,7.963514],[-72.47367,7.959981],[-72.477505,7.956852],[-72.480101,7.952974],[-72.483972,7.949356],[-72.48494,7.946962],[-72.483308,7.942272],[-72.483747,7.940849],[-72.484693,7.940356],[-72.486899,7.940901],[-72.4888,7.938833],[-72.488906,7.936161],[-72.490079,7.934289],[-72.489474,7.932505],[-72.483489,7.932148],[-72.481204,7.930147],[-72.479761,7.93044],[-72.478033,7.929382],[-72.476557,7.930151],[-72.474187,7.924356],[-72.470712,7.925276],[-72.466398,7.923152],[-72.466069,7.922173],[-72.468555,7.920169],[-72.468855,7.919178],[-72.467969,7.918108],[-72.464203,7.918383],[-72.463439,7.916448],[-72.462068,7.915275],[-72.46174,7.913586],[-72.459003,7.911187],[-72.459436,7.90942],[-72.46067,7.908938],[-72.459663,7.90702],[-72.461062,7.904308],[-72.459665,7.902805],[-72.459183,7.900948]]}},{"type":"Feature","properties":{"DIVIPOLA":"54206"},"geometry":{"type":"LineString","coordinates":[[-73.005926,9.273938],[-73.002172,9.272127],[-72.997402,9.273555],[-72.995083,9.272267],[-72.994119,9.270233],[-72.994785,9.264689],[-72.997212,9.261512],[-72.997759,9.258883],[-72.993417,9.254504],[-72.985969,9.253791],[-72.986005,9.250495],[-72.989883,9.243916],[-72.989063,9.242631],[-72.988087,9.236956],[-72.988587,9.229377],[-72.989967,9.228116],[-72.99375,9.228128],[-72.996831,9.226915],[-72.99789,9.223631],[-72.996891,9.22231],[-72.996439,9.2198],[-72.994024,9.219384],[-72.98704,9.222691],[-72.985874,9.222632],[-72.98359,9.220811],[-72.981603,9.217076],[-72.979937,9.2156],[-72.977106,9.214934],[-72.975607,9.213483],[-72.970955,9.212436],[-72.969337,9.205844],[-72.964744,9.199515],[-72.963983,9.190092],[-72.962639,9.184822],[-72.956512,9.179123],[-72.958915,9.175328],[-72.963091,9.172806],[-72.963531,9.165525],[-72.96497,9.157708],[-72.966113,9.155507],[-72.967838,9.155031],[-72.970027,9.156506],[-72.978855,9.150677],[-72.982983,9.147072],[-72.986699,9.145579]]}},{"type":"Feature","properties":{"DIVIPOLA":"54245"},"geometry":{"type":"LineString","coordinates":[[-73.352905,9.217511],[-73.350505,9.215992],[-73.34884,9.212118],[-73.347047,9.211293],[-73.34732,9.208585],[-73.346523,9.205342],[-73.349894,9.199598],[-73.349741,9.195303],[-73.351478,9.188467],[-73.350686,9.186452],[-73.348831,9.185298],[-73.348163,9.183921],[-73.347757,9.179243],[-73.349031,9.177264],[-73.347442,9.173605],[-73.344731,9.171711],[-73.342961,9.171669],[-73.340876,9.173653],[-73.339204,9.173879],[-73.337457,9.172337],[-73.334851,9.172171],[-73.326702,9.168899],[-73.321291,9.170733],[-73.318052,9.168483],[-73.315387,9.168732],[-73.314531,9.169815],[-73.311997,9.170648],[-73.308052,9.171063],[-73.306632,9.170227],[-73.304097,9.171562],[-73.299315,9.170712],[-73.29511,9.168478],[-73.29334,9.16882],[-73.292134,9.167521],[-73.290335,9.167678],[-73.28865,9.165808],[-73.28229,9.163238],[-73.281233,9.162132],[-73.277892,9.163031],[-73.275987,9.16498],[-73.274166,9.164195],[-73.273149,9.164899],[-73.271489,9.163674],[-73.27009,9.164445],[-73.268163,9.163688],[-73.267163,9.164595],[-73.263609,9.161468],[-73.257384,9.162824],[-73.255407,9.160469],[-73.252908,9.163766],[-73.252166,9.16261],[-73.253101,9.161275],[-73.252801,9.159348],[-73.252259,9.158577],[-73.250545,9.158377],[-73.247933,9.15984],[-73.245327,9.163602],[-73.245363,9.164916],[-73.243328,9.166922],[-73.241972,9.1673],[-73.241851,9.165415],[-73.239445,9.166151],[-73.239802,9.168085],[-73.238023,9.168921],[-73.237689,9.170512],[-73.234612,9.173832],[-73.229616,9.175809],[-73.225125,9.175243],[-73.222406,9.179378],[-73.220586,9.178843],[-73.218887,9.180577],[-73.217004,9.179613],[-73.215046,9.180185],[-73.214082,9.183661],[-73.212769,9.180977],[-73.209894,9.180325],[-73.209675,9.17809],[-73.207208,9.178621],[-73.207654,9.18128],[-73.20507,9.180517],[-73.204399,9.179125],[-73.205163,9.177711],[-73.2038,9.177497],[-73.20315,9.18046],[-73.201037,9.178497],[-73.198653,9.178332],[-73.198282,9.179189],[-73.197425,9.177818],[-73.195962,9.17789],[-73.193028,9.174613],[-73.188109,9.176455],[-73.185585,9.175387],[-73.182063,9.176269],[-73.181635,9.177654],[-73.177373,9.176898],[-73.172234,9.18036],[-73.172362,9.182744],[-73.168986,9.18475],[-73.168065,9.187098],[-73.166673,9.186456],[-73.162683,9.192695],[-73.160719,9.19141],[-73.157577,9.191614],[-73.15869,9.193121],[-73.158476,9.194969],[-73.15632,9.195148],[-73.153229,9.19876],[-73.150017,9.199681],[-73.150281,9.201323],[-73.151709,9.201701],[-73.152566,9.204142],[-73.153179,9.210317],[-73.14824,9.209425],[-73.147405,9.212023],[-73.144556,9.211259],[-73.144592,9.213094],[-73.141551,9.212965],[-73.140459,9.214486],[-73.140473,9.215814],[-73.137468,9.214807],[-73.136297,9.217677],[-73.132278,9.219261],[-73.133428,9.220104],[-73.133435,9.222788],[-73.132135,9.224265],[-73.12963,9.225072],[-73.131607,9.226528],[-73.131079,9.228356],[-73.129209,9.227549],[-73.126268,9.227984],[-73.123348,9.226864],[-73.119943,9.228598],[-73.117145,9.231447],[-73.114304,9.228698],[-73.110578,9.229434],[-73.108872,9.228334],[-73.10603,9.231111],[-73.104603,9.230547],[-73.103275,9.228884],[-73.10174,9.229184],[-73.101191,9.227599],[-73.099556,9.226742],[-73.094873,9.226885],[-73.091675,9.225158],[-73.090155,9.2255],[-73.088163,9.227349],[-73.088877,9.229905],[-73.086357,9.233595],[-73.086221,9.235901],[-73.084144,9.237065],[-73.082281,9.24032],[-73.081289,9.240677],[-73.080668,9.238885],[-73.079433,9.238728],[-73.076014,9.241969],[-73.073458,9.242668],[-73.074143,9.244753],[-73.077377,9.246451],[-73.07782,9.250656],[-73.077049,9.25496],[-73.073601,9.262698],[-73.070339,9.264233],[-73.064449,9.258601],[-73.063528,9.260407],[-73.063529,9.262584],[-73.060252,9.262049],[-73.057754,9.26277],[-73.056747,9.260386],[-73.053963,9.260764],[-73.053413,9.26],[-73.053849,9.258608],[-73.052264,9.25788],[-73.046568,9.26217],[-73.04524,9.261135],[-73.043891,9.261392],[-73.04277,9.264376],[-73.044248,9.268745],[-73.041571,9.26923],[-73.040386,9.270222],[-73.038658,9.274355],[-73.038765,9.276525],[-73.036531,9.281487],[-73.035446,9.282493],[-73.032469,9.283071],[-73.031677,9.285713],[-73.030242,9.284156],[-73.029785,9.280659],[-73.027387,9.279502],[-73.025395,9.281215],[-73.025145,9.285655],[-73.02072,9.287583],[-73.013674,9.289053],[-73.011011,9.291288],[-73.006993,9.289839],[-73.003637,9.286162],[-73.004408,9.280894],[-73.006593,9.277382],[-73.006857,9.275255],[-73.005926,9.273938]]}},{"type":"Feature","properties":{"DIVIPOLA":"54347"},"geometry":{"type":"LineString","coordinates":[[-72.455681,7.553588],[-72.45492,7.552393],[-72.456633,7.545153],[-72.458977,7.543999],[-72.459316,7.541013],[-72.460708,7.539645],[-72.460809,7.538455],[-72.462844,7.536968],[-72.464563,7.537426],[-72.466322,7.534423],[-72.467686,7.533773],[-72.467921,7.53191],[-72.466689,7.530323],[-72.46762,7.528785],[-72.470729,7.526843],[-72.472137,7.525099],[-72.471412,7.521738],[-72.473418,7.520981],[-72.474102,7.519634],[-72.472485,7.518124],[-72.473406,7.514033],[-72.472093,7.513038],[-72.473568,7.512415],[-72.473311,7.508375],[-72.474298,7.507252],[-72.474479,7.502766],[-72.47342,7.50147],[-72.473767,7.498879],[-72.472978,7.497076],[-72.474484,7.494938],[-72.474516,7.492119],[-72.475951,7.489592],[-72.475688,7.487953],[-72.474259,7.485726],[-72.472176,7.486205],[-72.470644,7.485362],[-72.469562,7.482981],[-72.466808,7.483128],[-72.464412,7.482039],[-72.462241,7.482849],[-72.460954,7.481943],[-72.459258,7.480312],[-72.457656,7.475804],[-72.455235,7.473255],[-72.455649,7.470996],[-72.454844,7.469629],[-72.452995,7.469037],[-72.452843,7.467922],[-72.449953,7.466196],[-72.44814,7.462484],[-72.447258,7.462848],[-72.446155,7.459351],[-72.44663,7.458223],[-72.445045,7.455418],[-72.445581,7.453519],[-72.444603,7.451185],[-72.444917,7.448943],[-72.444028,7.447016],[-72.441933,7.446245],[-72.44139,7.445056],[-72.442582,7.443016],[-72.441469,7.441769],[-72.442547,7.441648],[-72.442868,7.440449],[-72.44173,7.43911],[-72.442208,7.43462],[-72.441,7.432195],[-72.44172,7.426969],[-72.440804,7.426398],[-72.440786,7.425428],[-72.442541,7.422644],[-72.43726,7.412077],[-72.432896,7.407766],[-72.430409,7.403468],[-72.428593,7.402385],[-72.42494,7.401448],[-72.416331,7.400847]]}},{"type":"Feature","properties":{"DIVIPOLA":"54553"},"geometry":{"type":"LineString","coordinates":[[-72.428269,8.381837],[-72.424364,8.383938],[-72.419576,8.383566],[-72.408612,8.376152],[-72.407017,8.372472],[-72.406256,8.367105],[-72.402696,8.364507],[-72.404162,8.362908],[-72.403339,8.360807],[-72.403696,8.35778],[-72.402763,8.355948],[-72.401431,8.356238],[-72.401435,8.359612],[-72.399584,8.361216],[-72.393707,8.359336],[-72.391532,8.357742],[-72.391223,8.355643],[-72.393049,8.352994],[-72.393378,8.350765],[-72.388976,8.349995],[-72.38763,8.345578],[-72.3893,8.343732],[-72.393369,8.344674],[-72.394953,8.343571],[-72.39464,8.342004],[-72.392122,8.338982],[-72.394606,8.334323],[-72.394763,8.332049],[-72.391099,8.328636],[-72.391741,8.327609],[-72.394459,8.327456],[-72.39522,8.326481],[-72.392397,8.320813],[-72.388762,8.320656],[-72.385121,8.316534],[-72.382884,8.317053],[-72.381295,8.316492],[-72.382337,8.312465],[-72.380462,8.311357],[-72.380067,8.310054],[-72.381627,8.308421],[-72.382247,8.305912],[-72.381656,8.305061],[-72.380262,8.306127],[-72.380181,8.304266],[-72.38248,8.304456],[-72.383241,8.303814],[-72.384255,8.304556],[-72.38613,8.303676],[-72.385345,8.303628],[-72.385135,8.302381],[-72.38365,8.301463],[-72.386396,8.299093],[-72.385587,8.29835],[-72.385578,8.296376],[-72.383527,8.296209],[-72.383175,8.295095],[-72.383622,8.293515],[-72.385897,8.293934],[-72.387477,8.291869],[-72.38721,8.291207],[-72.384326,8.290827],[-72.384269,8.290065],[-72.388119,8.289594],[-72.388971,8.287081],[-72.388747,8.286582],[-72.387948,8.287172],[-72.387281,8.28681],[-72.388062,8.285421],[-72.385968,8.282756],[-72.386877,8.280771],[-72.388157,8.280052],[-72.386477,8.278801]]}},{"type":"Feature","properties":{"DIVIPOLA":"54599"},"geometry":{"type":"LineString","coordinates":[[-72.474575,7.658795],[-72.474321,7.657595],[-72.475596,7.656507],[-72.473161,7.652074],[-72.474546,7.650582],[-72.474429,7.647955],[-72.47632,7.647755],[-72.476802,7.646519],[-72.475788,7.645078],[-72.474413,7.644899],[-72.474581,7.643249],[-72.473407,7.640252],[-72.475477,7.636797],[-72.475129,7.634596],[-72.476221,7.631829],[-72.475286,7.630917],[-72.475636,7.62959],[-72.474222,7.627246],[-72.473236,7.627367],[-72.472629,7.626439],[-72.473304,7.625069],[-72.471251,7.62307],[-72.470973,7.620272],[-72.469839,7.617994],[-72.469853,7.61551],[-72.467219,7.609022],[-72.467949,7.607122],[-72.465606,7.601904],[-72.466605,7.599599],[-72.464835,7.597714],[-72.464412,7.59585],[-72.465385,7.594609],[-72.465106,7.592839],[-72.463634,7.591621],[-72.463036,7.590055],[-72.460181,7.589162],[-72.459788,7.586414],[-72.458301,7.585103],[-72.457754,7.58323],[-72.456419,7.582888],[-72.45581,7.581648],[-72.456861,7.579961],[-72.454117,7.576271],[-72.455013,7.573908],[-72.453171,7.571363],[-72.453462,7.569226],[-72.452743,7.568589],[-72.452315,7.564629],[-72.45318,7.561306],[-72.452488,7.560264],[-72.452921,7.557164],[-72.455072,7.555474],[-72.455681,7.553588]]}},{"type":"Feature","properties":{"DIVIPOLA":"54800"},"geometry":{"type":"LineString","coordinates":[[-72.986699,9.145579],[-72.987837,9.144621],[-72.987349,9.141528],[-72.981365,9.139945],[-72.977403,9.136709],[-72.972073,9.134913],[-72.971407,9.130404],[-72.96346,9.120446],[-72.961366,9.116472],[-72.960949,9.113688],[-72.958594,9.11088],[-72.953906,9.106692],[-72.950634,9.106811],[-72.947957,9.105455],[-72.947362,9.103171],[-72.947815,9.101529],[-72.950658,9.099542],[-72.951776,9.097472],[-72.951443,9.09589],[-72.94803,9.091416]]}},{"type":"Feature","properties":{"DIVIPOLA":"54810"},"geometry":{"type":"LineString","coordinates":[[-72.94803,9.091416],[-72.94446,9.091404],[-72.938142,9.089703],[-72.936786,9.087895],[-72.936572,9.084694],[-72.932586,9.082398],[-72.920903,9.08793],[-72.919594,9.093332],[-72.916263,9.092594],[-72.911218,9.09445],[-72.907721,9.097151],[-72.899285,9.096889],[-72.896418,9.097567],[-72.893706,9.103195],[-72.889244,9.102397],[-72.886365,9.102957],[-72.883284,9.111082],[-72.883688,9.112463],[-72.886448,9.114723],[-72.884247,9.117364],[-72.884925,9.119649],[-72.882974,9.130332],[-72.88207,9.131522],[-72.880262,9.131867],[-72.876466,9.132081],[-72.87047,9.129321],[-72.865783,9.128607],[-72.857347,9.12875],[-72.846128,9.130023],[-72.843118,9.128369],[-72.837848,9.122968],[-72.832815,9.119946],[-72.819455,9.121421],[-72.816813,9.11997],[-72.815243,9.117757],[-72.815124,9.115829],[-72.816373,9.11188],[-72.815719,9.109524],[-72.813875,9.107585],[-72.810639,9.107299],[-72.805535,9.114021],[-72.802703,9.113747],[-72.801739,9.111725],[-72.802775,9.108536],[-72.801966,9.106704],[-72.797849,9.105253],[-72.796183,9.102945],[-72.794887,9.102362],[-72.793566,9.102552],[-72.790639,9.106181],[-72.787689,9.113248],[-72.784738,9.115056],[-72.778468,9.114271],[-72.77616,9.113034],[-72.776993,9.105907],[-72.776493,9.103849],[-72.775208,9.102659],[-72.772115,9.102659],[-72.768814,9.10612],[-72.766214,9.103944],[-72.766167,9.10076],[-72.771119,9.102648],[-72.774927,9.101392],[-72.776162,9.099578],[-72.77506,9.097213],[-72.773661,9.096518],[-72.771833,9.096623],[-72.768283,9.098515],[-72.765502,9.098063],[-72.763974,9.096502],[-72.763168,9.093758],[-72.763537,9.092164],[-72.766511,9.090248],[-72.772018,9.08936],[-72.772977,9.087538],[-72.77286,9.085725],[-72.771613,9.08444],[-72.770138,9.084288],[-72.764817,9.085877],[-72.761495,9.081651],[-72.761305,9.079148],[-72.763206,9.076597],[-72.746928,9.014423],[-72.720156,8.940867],[-72.697992,8.806448],[-72.672359,8.69503],[-72.654912,8.614673],[-72.645804,8.61079],[-72.643505,8.608662],[-72.638558,8.608134],[-72.637445,8.606221],[-72.636738,8.601824],[-72.635139,8.600132],[-72.633104,8.601088],[-72.634061,8.604429],[-72.633326,8.606257],[-72.631341,8.607135],[-72.628957,8.606535],[-72.626109,8.603144],[-72.625995,8.602052],[-72.627408,8.600881],[-72.632048,8.60091],[-72.633319,8.598883],[-72.632491,8.597569],[-72.627579,8.597755],[-72.621176,8.595849],[-72.617015,8.595421],[-72.615423,8.592308],[-72.612578,8.590241],[-72.471811,8.431098]]}},{"type":"Feature","properties":{"DIVIPOLA":"54820"},"geometry":{"type":"LineString","coordinates":[[-72.416331,7.400847],[-72.380291,7.39852],[-72.37451,7.397411],[-72.372776,7.397908],[-72.371313,7.396573],[-72.368961,7.396639],[-72.367733,7.395744],[-72.365982,7.396163],[-72.364584,7.395674],[-72.364175,7.394795],[-72.360414,7.394697],[-72.359915,7.394056],[-72.356806,7.395487],[-72.355702,7.396791],[-72.353581,7.396788],[-72.345705,7.39299],[-72.343449,7.390506],[-72.34173,7.389795],[-72.340788,7.388025],[-72.33819,7.388101],[-72.337114,7.385855],[-72.334836,7.3844],[-72.332403,7.38121],[-72.327825,7.379373],[-72.327216,7.376889],[-72.325369,7.375861],[-72.321562,7.377508],[-72.319211,7.377594],[-72.315632,7.380544],[-72.313957,7.381096],[-72.311835,7.380668],[-72.311064,7.384827],[-72.309731,7.385303],[-72.30581,7.389519],[-72.304687,7.390167],[-72.30343,7.389815],[-72.301413,7.391052],[-72.298024,7.390233],[-72.293303,7.390186],[-72.291552,7.391375],[-72.289405,7.388484],[-72.287103,7.388573],[-72.286145,7.386831],[-72.281249,7.385268],[-72.279484,7.38379],[-72.275599,7.38392],[-72.269585,7.382038],[-72.266591,7.38409],[-72.263521,7.381599],[-72.26138,7.38192],[-72.260629,7.380516],[-72.257412,7.380259],[-72.256593,7.378859],[-72.25567,7.379326],[-72.255318,7.381058],[-72.252405,7.379764],[-72.251387,7.381429],[-72.249569,7.382381],[-72.249207,7.38517],[-72.247951,7.387159],[-72.246523,7.388263],[-72.244125,7.388739],[-72.242345,7.390861],[-72.240898,7.391042],[-72.239804,7.390186],[-72.238176,7.390938],[-72.237243,7.389795],[-72.235759,7.390576],[-72.233912,7.389967],[-72.229078,7.392449],[-72.227443,7.394105],[-72.224545,7.394769],[-72.222825,7.393956],[-72.22134,7.395319],[-72.220233,7.394976],[-72.219681,7.393599],[-72.21753,7.394284],[-72.216721,7.392913],[-72.214589,7.392866],[-72.213238,7.391486],[-72.211249,7.392428],[-72.209573,7.391276],[-72.209811,7.389306],[-72.208603,7.388164],[-72.207108,7.388021],[-72.206766,7.387041],[-72.20392,7.387441],[-72.203063,7.388402],[-72.202073,7.385385],[-72.200608,7.385385],[-72.199646,7.386746],[-72.196267,7.384918],[-72.194773,7.385166],[-72.195506,7.380721],[-72.191328,7.376181],[-72.189748,7.376124],[-72.187482,7.37403],[-72.187321,7.370546],[-72.184027,7.366168],[-72.183399,7.362513],[-72.181372,7.35922],[-72.180601,7.355556],[-72.177536,7.354128],[-72.177041,7.352044],[-72.175195,7.34936],[-72.171683,7.348646],[-72.172045,7.346048],[-72.17155,7.345029],[-72.167676,7.343478],[-72.164326,7.338995],[-72.161518,7.337662],[-72.161118,7.336577],[-72.157093,7.333354],[-72.153467,7.328024],[-72.154086,7.326358],[-72.156361,7.324521],[-72.156722,7.321266],[-72.159235,7.319601],[-72.159578,7.317164],[-72.158578,7.312786],[-72.159873,7.310302],[-72.159968,7.308322],[-72.163128,7.30421],[-72.164251,7.301441],[-72.166231,7.299575],[-72.166802,7.296701],[-72.1702,7.290438],[-72.170504,7.28763],[-72.168686,7.284461],[-72.169543,7.280073],[-72.167896,7.27953],[-72.167144,7.278407],[-72.168667,7.274277],[-72.167297,7.271583],[-72.167792,7.270546],[-72.171275,7.268157],[-72.170809,7.26494],[-72.172703,7.262884],[-72.172255,7.260428],[-72.17394,7.259134],[-72.174178,7.257544],[-72.170501,7.255506],[-72.17037,7.252294],[-72.047591,7.038194]]}},{"type":"Feature","properties":{"DIVIPOLA":"54874"},"geometry":{"type":"LineString","coordinates":[[-72.459183,7.900948],[-72.459686,7.89856],[-72.458922,7.896476],[-72.457997,7.895789],[-72.455603,7.896999],[-72.454871,7.895472],[-72.454956,7.893981],[-72.458809,7.890884],[-72.458607,7.890118],[-72.456715,7.889457],[-72.458155,7.886798],[-72.457019,7.880999],[-72.455733,7.879914],[-72.45318,7.879816],[-72.451322,7.877127],[-72.451261,7.874239],[-72.448935,7.873199],[-72.449104,7.871726],[-72.447794,7.869527],[-72.448797,7.865852],[-72.447418,7.863868],[-72.445312,7.863623],[-72.445543,7.860842],[-72.444595,7.859644],[-72.446294,7.857201],[-72.445548,7.855786],[-72.446255,7.853343],[-72.450044,7.85224],[-72.450603,7.851426],[-72.448194,7.848068],[-72.448015,7.844607],[-72.449417,7.844224],[-72.449868,7.842576],[-72.449407,7.841383],[-72.451443,7.839512],[-72.450774,7.837134],[-72.451198,7.835452],[-72.449414,7.833167],[-72.450157,7.830705],[-72.446998,7.827],[-72.447295,7.8262],[-72.449412,7.825907],[-72.448943,7.824616],[-72.449762,7.822894],[-72.44961,7.821381],[-72.450928,7.820571],[-72.45339,7.813842],[-72.455459,7.811629],[-72.455021,7.809521],[-72.455617,7.807631],[-72.45679,7.806755],[-72.457311,7.804508],[-72.458312,7.802937],[-72.462211,7.801379],[-72.462238,7.799638],[-72.463415,7.799372],[-72.463956,7.80004],[-72.467064,7.798081],[-72.466761,7.797201],[-72.468405,7.795385],[-72.469316,7.791371],[-72.468114,7.788344],[-72.469628,7.784584],[-72.468012,7.781812],[-72.469117,7.778361],[-72.468468,7.774386],[-72.470855,7.766917],[-72.470373,7.762913],[-72.473657,7.758533],[-72.473228,7.756452],[-72.474004,7.753855],[-72.473259,7.751969],[-72.474038,7.751236],[-72.473873,7.748779],[-72.471653,7.747001],[-72.47107,7.743981],[-72.471788,7.742564],[-72.47146,7.739041],[-72.472048,7.738042],[-72.470642,7.735779],[-72.470518,7.732407],[-72.471031,7.728855],[-72.471658,7.728292],[-72.471296,7.726221],[-72.472348,7.725361],[-72.472087,7.723015],[-72.472967,7.721489],[-72.47144,7.720019],[-72.471754,7.710386],[-72.470629,7.709237],[-72.470117,7.706786],[-72.470633,7.703919],[-72.472387,7.701548],[-72.472565,7.69946],[-72.474413,7.697863],[-72.473533,7.694886],[-72.474646,7.692181],[-72.473568,7.690096],[-72.475546,7.681213],[-72.473597,7.677037],[-72.473815,7.674624],[-72.472915,7.673878],[-72.473476,7.671761],[-72.472301,7.669959],[-72.473093,7.667992],[-72.474354,7.667089],[-72.473515,7.666122],[-72.47415,7.66528],[-72.473783,7.660922],[-72.474575,7.658795]]}},{"type":"Feature","properties":{"DIVIPOLA":"81001"},"geometry":{"type":"LineString","coordinates":[[-71.09005,6.982611],[-71.087463,6.982742],[-71.084189,6.98396],[-71.076973,6.980169],[-71.07448,6.980153],[-71.068713,6.981879],[-71.06598,6.980051],[-71.060632,6.982233],[-71.054453,6.980464],[-71.043163,6.98182],[-71.036023,6.980131],[-71.032883,6.977633],[-71.028546,6.97604],[-71.025159,6.973858],[-71.021356,6.973327],[-71.015235,6.976807],[-71.005788,6.978812],[-70.993369,6.98359],[-70.990695,6.9899],[-70.98625,6.99403],[-70.984175,6.999626],[-70.979397,7.000788],[-70.976256,7.000693],[-70.972944,7.003357],[-70.97144,7.009239],[-70.971502,7.014966],[-70.970812,7.016054],[-70.968788,7.016589],[-70.966461,7.01873],[-70.964892,7.01929],[-70.961827,7.018719],[-70.957462,7.01559],[-70.949873,7.012361],[-70.946922,7.012038],[-70.93799,7.013432],[-70.936801,7.014494],[-70.936504,7.016558],[-70.935253,7.017596],[-70.92309,7.023992],[-70.920558,7.029608],[-70.920432,7.032031],[-70.922214,7.032482],[-70.924264,7.034191],[-70.923848,7.037788],[-70.926402,7.045959],[-70.918678,7.052118],[-70.916004,7.052236],[-70.915113,7.051647],[-70.914787,7.048144],[-70.913568,7.044806],[-70.909936,7.039335],[-70.90651,7.037622],[-70.903787,7.037469],[-70.900742,7.040249],[-70.899619,7.04358],[-70.899086,7.049291],[-70.893473,7.059858],[-70.885266,7.063777],[-70.881173,7.064176],[-70.874707,7.062615],[-70.872687,7.0612],[-70.870726,7.058251],[-70.862213,7.052565],[-70.854447,7.053364],[-70.852696,7.052774],[-70.847918,7.057719],[-70.847808,7.06024],[-70.849574,7.061944],[-70.850326,7.065127],[-70.849145,7.06834],[-70.847532,7.070025],[-70.849212,7.071594],[-70.850202,7.07111],[-70.852572,7.072538],[-70.856412,7.073466],[-70.854599,7.076278],[-70.852658,7.077006],[-70.850773,7.07665],[-70.847968,7.074055],[-70.845048,7.073594],[-70.843363,7.073937],[-70.839352,7.077947],[-70.836976,7.078065],[-70.830985,7.073347],[-70.820548,7.07035],[-70.818964,7.071853],[-70.818496,7.076237],[-70.817104,7.078824],[-70.809048,7.078536],[-70.80553,7.079334],[-70.800373,7.081721],[-70.798663,7.082018],[-70.795322,7.081132],[-70.792767,7.082428],[-70.78944,7.082546],[-70.78534,7.081308],[-70.782373,7.077663],[-70.780111,7.076178],[-70.778269,7.075883],[-70.773456,7.079421],[-70.769039,7.088357],[-70.764377,7.090016],[-70.763484,7.092155],[-70.764242,7.092611],[-70.764127,7.093986],[-70.761691,7.096285],[-70.75963,7.096694],[-70.757769,7.096108],[-70.749747,7.090389],[-70.747549,7.090978],[-70.74324,7.088399],[-70.73614,7.087794],[-70.727108,7.088914],[-70.724316,7.090507],[-70.720394,7.091096],[-70.716531,7.092983],[-70.70334,7.091037],[-70.694799,7.092468],[-70.691559,7.09341],[-70.687661,7.095852],[-70.685734,7.097851],[-70.683535,7.102676],[-70.682264,7.103147],[-70.679395,7.101063],[-70.681765,7.093154],[-70.675749,7.085929],[-70.67415,7.084882],[-70.665252,7.083902],[-70.6624,7.082841],[-70.6583,7.079834],[-70.651645,7.079185],[-70.64808,7.076708],[-70.645703,7.076178],[-70.644158,7.073937],[-70.643504,7.069514],[-70.641425,7.068276],[-70.635304,7.06975],[-70.62966,7.068807],[-70.625797,7.069691],[-70.619618,7.06692],[-70.6132,7.066625],[-70.607368,7.063371],[-70.585213,7.068099],[-70.584016,7.069749],[-70.585114,7.072776],[-70.584572,7.074918],[-70.581663,7.076119],[-70.57737,7.074704],[-70.57529,7.07488],[-70.568731,7.080904],[-70.566656,7.080181],[-70.562466,7.076956],[-70.558851,7.077344],[-70.556288,7.079126],[-70.555634,7.07889],[-70.555159,7.075765],[-70.552841,7.074704],[-70.549752,7.074998],[-70.547485,7.071246],[-70.543741,7.069118],[-70.542224,7.065882],[-70.541968,7.061554],[-70.539809,7.060748],[-70.53792,7.058984],[-70.537287,7.056036],[-70.535085,7.054651],[-70.535074,7.053616],[-70.537513,7.050528],[-70.540792,7.050885],[-70.541272,7.049767],[-70.540719,7.047411],[-70.539363,7.045079],[-70.532641,7.047608],[-70.53198,7.046025],[-70.533765,7.0438],[-70.53784,7.042432],[-70.53847,7.040142],[-70.534835,7.039634],[-70.530451,7.040142],[-70.528982,7.041825],[-70.528191,7.04182],[-70.525116,7.035419],[-70.521637,7.035126],[-70.516056,7.031249],[-70.513355,7.027721],[-70.510583,7.027572],[-70.510345,7.026181],[-70.511297,7.024039],[-70.514219,7.022632],[-70.51458,7.021106],[-70.508673,7.017995],[-70.50834,7.016752],[-70.509066,7.014016],[-70.504343,7.01072],[-70.502572,7.00547],[-70.495503,7.006389],[-70.491995,7.005412],[-70.492505,7.00837],[-70.490488,7.009167],[-70.483023,7.006119],[-70.475338,7.001401],[-70.466735,7.000351],[-70.465791,7.000811],[-70.466148,7.00264],[-70.465494,7.003288],[-70.460622,7.002227],[-70.458958,7.002699],[-70.456997,7.010483],[-70.45468,7.011958],[-70.451471,7.010424],[-70.450115,7.007282],[-70.455308,7.004837],[-70.455512,7.004232],[-70.454511,7.003629],[-70.451209,7.003725],[-70.444856,7.002487],[-70.442126,7.003689],[-70.44005,7.00793],[-70.43822,7.007712],[-70.436853,7.00572],[-70.435684,7.006802],[-70.430258,7.007181],[-70.429384,7.006282],[-70.429545,7.002227],[-70.426184,6.997847],[-70.427465,6.993911],[-70.423114,6.990399],[-70.422534,6.986185],[-70.417892,6.98293],[-70.416176,6.980818],[-70.410887,6.982292],[-70.40998,6.98332],[-70.409831,6.985278],[-70.406047,6.984528],[-70.403882,6.988264],[-70.401737,6.987305],[-70.397428,6.981346],[-70.387476,6.985418],[-70.385574,6.985536],[-70.379573,6.9807],[-70.371492,6.980877],[-70.370898,6.979874],[-70.371432,6.976158],[-70.370992,6.971673],[-70.368045,6.970319],[-70.365781,6.966908],[-70.362265,6.967497],[-70.36107,6.966944],[-70.36246,6.962298],[-70.360231,6.955963],[-70.358851,6.955487],[-70.354972,6.957295],[-70.351272,6.956129],[-70.35126,6.95466],[-70.354854,6.953686],[-70.354395,6.952025],[-70.352418,6.951386],[-70.348833,6.952732],[-70.347962,6.952153],[-70.347724,6.949145],[-70.343564,6.943954],[-70.338395,6.944898],[-70.333582,6.940769],[-70.327759,6.940828],[-70.326154,6.939766],[-70.324688,6.93585],[-70.322576,6.934744],[-70.310298,6.936052],[-70.307954,6.937498],[-70.305509,6.936707],[-70.300958,6.93701],[-70.294605,6.933703],[-70.287353,6.936345],[-70.2841,6.941031],[-70.282369,6.94096],[-70.279061,6.938063],[-70.277727,6.937702],[-70.272304,6.941216],[-70.266222,6.940824],[-70.260614,6.944839],[-70.256708,6.946242],[-70.252893,6.951602],[-70.248828,6.953554],[-70.250431,6.957176],[-70.249125,6.958744],[-70.244357,6.959318],[-70.241079,6.961679],[-70.23641,6.962578],[-70.23023,6.965173],[-70.227972,6.96765],[-70.228629,6.971013],[-70.225298,6.972369],[-70.223935,6.974891],[-70.220544,6.974197],[-70.215899,6.975849],[-70.209885,6.974582],[-70.205262,6.978407],[-70.201884,6.975647],[-70.196063,6.978916],[-70.191955,6.976081],[-70.190659,6.976515],[-70.188892,6.978556],[-70.182461,6.97661],[-70.18001,6.979281],[-70.17289,6.976262],[-70.169071,6.978413],[-70.166453,6.977741],[-70.160737,6.980019],[-70.156513,6.980346],[-70.154532,6.982053],[-70.148703,6.98426],[-70.145319,6.982572],[-70.14483,6.978532],[-70.141945,6.978657],[-70.14044,6.976551],[-70.137,6.977028],[-70.133694,6.974963],[-70.1252,6.978758],[-70.120934,6.978692],[-70.118012,6.97955],[-69.880731,6.681203],[-69.761876,6.529982]]}},{"type":"Feature","properties":{"DIVIPOLA":"81065"},"geometry":{"type":"LineString","coordinates":[[-71.692364,7.032879],[-71.686427,7.033893],[-71.675754,7.030576],[-71.672328,7.032122],[-71.661382,7.031028],[-71.659645,7.031956],[-71.656766,7.031956],[-71.6556,7.033314],[-71.654939,7.036384],[-71.64952,7.041875],[-71.640967,7.047256],[-71.63923,7.050682],[-71.635756,7.053752],[-71.63261,7.054855],[-71.624096,7.05211],[-71.619813,7.045542],[-71.615387,7.041705],[-71.612151,7.040498],[-71.606369,7.035763],[-71.601253,7.034335],[-71.597232,7.034121],[-71.59559,7.032217],[-71.593675,7.027099],[-71.594759,7.021041],[-71.593903,7.014927],[-71.591736,7.011813],[-71.589853,7.011077],[-71.580909,7.011183],[-71.576102,7.013705],[-71.571248,7.018012],[-71.561207,7.032051],[-71.55759,7.032979],[-71.55502,7.032812],[-71.54881,7.028934],[-71.54793,7.027552],[-71.54188,7.027722],[-71.532082,7.025436],[-71.528347,7.025365],[-71.523683,7.026872],[-71.521399,7.025341],[-71.51476,7.023675],[-71.507431,7.024127],[-71.50498,7.022652],[-71.504119,7.020917],[-71.500238,7.020815],[-71.497485,7.019868],[-71.490299,7.015014],[-71.485659,7.013943],[-71.478449,7.009993],[-71.471763,7.009517],[-71.468218,7.007495],[-71.463149,7.00759],[-71.454702,7.010517],[-71.448397,7.011159],[-71.446865,7.017033],[-71.44497,7.019606],[-71.434453,7.024817],[-71.430874,7.0331],[-71.428272,7.035302],[-71.423858,7.037176],[-71.419808,7.03695],[-71.417012,7.03543],[-71.410738,7.034515],[-71.397158,7.035782],[-71.389746,7.033609],[-71.387863,7.032081],[-71.386095,7.029024],[-71.383938,7.021324],[-71.381532,7.017644],[-71.375998,7.01504],[-71.368804,7.014167],[-71.357174,7.018154],[-71.346722,7.017631],[-71.337838,7.014942],[-71.322666,7.016584],[-71.317653,7.018216],[-71.313465,7.021188],[-71.303203,7.025004],[-71.290665,7.026056],[-71.286411,7.023772],[-71.283662,7.023152],[-71.278027,7.023759],[-71.274839,7.024544],[-71.272591,7.027994],[-71.268339,7.031181],[-71.265289,7.03216],[-71.263441,7.03173],[-71.261157,7.028946],[-71.26117,7.022811],[-71.258068,7.018176],[-71.255565,7.016953],[-71.247428,7.016469],[-71.24202,7.010603],[-71.238623,7.011028],[-71.234474,7.017425],[-71.234492,7.020498],[-71.23313,7.023293],[-71.23121,7.025425],[-71.228057,7.026878],[-71.224294,7.026318],[-71.21852,7.0214],[-71.211632,7.01866],[-71.206598,7.019631],[-71.201951,7.024567],[-71.199243,7.025139],[-71.197721,7.024496],[-71.193764,7.019482],[-71.191224,7.018409],[-71.1857,7.020782],[-71.181313,7.020711],[-71.172427,7.02521],[-71.169683,7.025146],[-71.160791,7.026923],[-71.156399,7.026185],[-71.148942,7.028089],[-71.145534,7.028269],[-71.144053,7.029827],[-71.143353,7.032251],[-71.142184,7.033086],[-71.137321,7.031207],[-71.130915,7.032793],[-71.12717,7.03142],[-71.124909,7.02778],[-71.123358,7.019934],[-71.124982,7.01522],[-71.123225,7.012671],[-71.119799,7.010475],[-71.117702,7.010065],[-71.115416,7.010257],[-71.109234,7.01253],[-71.105979,7.011073],[-71.102343,7.005848],[-71.102819,7.003935],[-71.107263,7.004208],[-71.112546,7.002147],[-71.11442,7.000589],[-71.114617,6.998178],[-71.11301,6.990603],[-71.109563,6.988814],[-71.106474,6.989134],[-71.099077,6.987777],[-71.096344,6.986598],[-71.091531,6.982705],[-71.09005,6.982611]]}},{"type":"Feature","properties":{"DIVIPOLA":"81220"},"geometry":{"type":"LineString","coordinates":[[-69.761876,6.529982],[-69.711809,6.465684],[-69.428849,6.109079]]}},{"type":"Feature","properties":{"DIVIPOLA":"81736"},"geometry":{"type":"LineString","coordinates":[[-71.949597,7.009866],[-71.945477,7.007389],[-71.934543,7.005266],[-71.933569,7.005347],[-71.932214,7.006774],[-71.930178,7.006769],[-71.928405,7.007727],[-71.919334,7.007402],[-71.91184,7.010198],[-71.908425,7.010549],[-71.904353,7.009941],[-71.902493,7.011373],[-71.901114,7.01155],[-71.895673,7.007647],[-71.891414,7.009971],[-71.887702,7.009184],[-71.886323,7.009659],[-71.884161,7.011988],[-71.883142,7.012225],[-71.881111,7.010066],[-71.879255,7.009463],[-71.874513,7.013641],[-71.871214,7.015489],[-71.86366,7.015246],[-71.861828,7.013723],[-71.858569,7.012883],[-71.854261,7.016174],[-71.852282,7.01664],[-71.850407,7.01596],[-71.849598,7.014604],[-71.850668,7.011177],[-71.850431,7.009916],[-71.847956,7.008488],[-71.84541,7.008203],[-71.842174,7.011677],[-71.840556,7.011796],[-71.837962,7.013414],[-71.835916,7.01753],[-71.832585,7.021908],[-71.828244,7.023702],[-71.82611,7.027174],[-71.82188,7.029671],[-71.819303,7.029963],[-71.817737,7.032545],[-71.817285,7.035543],[-71.818117,7.036923],[-71.82036,7.038225],[-71.821902,7.044453],[-71.825494,7.049968],[-71.825446,7.052443],[-71.824471,7.053942],[-71.820045,7.05575],[-71.813608,7.055324],[-71.810408,7.051943],[-71.80791,7.051777],[-71.801329,7.054694],[-71.799647,7.056306],[-71.79694,7.061961],[-71.793204,7.061818],[-71.779451,7.05694],[-71.774692,7.056464],[-71.770822,7.06036],[-71.758988,7.064364],[-71.744188,7.063388],[-71.737501,7.0607],[-71.734351,7.056313],[-71.729245,7.054703],[-71.727603,7.053537],[-71.724557,7.049254],[-71.721868,7.047018],[-71.714397,7.033812],[-71.709781,7.028815],[-71.706323,7.029209],[-71.700517,7.032619],[-71.692364,7.032879]]}},{"type":"Feature","properties":{"DIVIPOLA":"86568"},"geometry":{"type":"LineString","coordinates":[[-76.134664,0.376933],[-76.13661,0.37757],[-76.141971,0.377205],[-76.147112,0.384223],[-76.15513,0.386959],[-76.157858,0.389192],[-76.160365,0.388768],[-76.164672,0.385579],[-76.167056,0.380886],[-76.172618,0.378426],[-76.178287,0.373577],[-76.182946,0.372397],[-76.191346,0.373684],[-76.193202,0.375062],[-76.195772,0.379702],[-76.201746,0.383025],[-76.206487,0.386804],[-76.211015,0.388051],[-76.215757,0.38716],[-76.219999,0.381171],[-76.22221,0.379495],[-76.224741,0.37896],[-76.225882,0.379673],[-76.226488,0.382276],[-76.22631,0.385413],[-76.228627,0.396822],[-76.230481,0.402062],[-76.233119,0.405093],[-76.23508,0.40634],[-76.237077,0.406483],[-76.240321,0.405699],[-76.246346,0.402276],[-76.250981,0.402062],[-76.254475,0.4011],[-76.259252,0.403952],[-76.260286,0.405271],[-76.258076,0.41536],[-76.25804,0.423916],[-76.260144,0.428052],[-76.262924,0.431367],[-76.26927,0.433827],[-76.276508,0.437975],[-76.281784,0.437452],[-76.283686,0.436739],[-76.286585,0.43422],[-76.288154,0.430512],[-76.2921,0.424998],[-76.293906,0.423477],[-76.298945,0.422288],[-76.302415,0.422954],[-76.304079,0.424047],[-76.306551,0.427565],[-76.3085,0.433411],[-76.310353,0.435028],[-76.313348,0.436264],[-76.319053,0.432698],[-76.321667,0.430084],[-76.32623,0.423192],[-76.331174,0.419769],[-76.33165,0.417107],[-76.333741,0.414445],[-76.335357,0.409502],[-76.334834,0.39006],[-76.337924,0.386257],[-76.345245,0.381504],[-76.348858,0.38022],[-76.353896,0.381361],[-76.355798,0.382977],[-76.356796,0.38678],[-76.360884,0.392579],[-76.367967,0.395669],[-76.371817,0.396049],[-76.381182,0.392817],[-76.386601,0.388919],[-76.392649,0.386555],[-76.397611,0.383513],[-76.411925,0.379217],[-76.412262,0.24254],[-76.422963,0.235378],[-76.425958,0.235366],[-76.427325,0.236227],[-76.428811,0.238417],[-76.428977,0.240224],[-76.428003,0.242461],[-76.423059,0.24732],[-76.422821,0.251936],[-76.429343,0.259739],[-76.432766,0.261605],[-76.43464,0.261327],[-76.439041,0.257785],[-76.442198,0.257449],[-76.445896,0.255209],[-76.445468,0.248643],[-76.445971,0.244929],[-76.447026,0.241473],[-76.448937,0.239791],[-76.476383,0.239974],[-76.480034,0.240577],[-76.48355,0.243269],[-76.485222,0.243673],[-76.49006,0.242591],[-76.503774,0.236985],[-76.510536,0.239688],[-76.516087,0.243558],[-76.523807,0.252914],[-76.529577,0.257669],[-76.533749,0.259619],[-76.536976,0.260079],[-76.545197,0.25466],[-76.551776,0.252147],[-76.554823,0.252003],[-76.557574,0.249046],[-76.568894,0.244052],[-76.573885,0.238925],[-76.576979,0.233247],[-76.583339,0.22919],[-76.583147,0.226448],[-76.581038,0.223409],[-76.581269,0.222457],[-76.583378,0.220363],[-76.587166,0.218966],[-76.589719,0.220632],[-76.590189,0.223051],[-76.594611,0.228475],[-76.601266,0.229594],[-76.605017,0.231838],[-76.608926,0.23972],[-76.614909,0.247063],[-76.617677,0.254608],[-76.6209,0.258542],[-76.624564,0.261548],[-76.631647,0.265108],[-76.632503,0.264792],[-76.634081,0.265529],[-76.635573,0.264188],[-76.639557,0.262915],[-76.641362,0.258857]]}},{"type":"Feature","properties":{"DIVIPOLA":"86573"},"geometry":{"type":"LineString","coordinates":[[-74.385633,-0.552701],[-74.389455,-0.546745],[-74.391667,-0.541075],[-74.393163,-0.539444],[-74.399437,-0.540642],[-74.402004,-0.542524],[-74.404286,-0.546859],[-74.409306,-0.548685],[-74.415467,-0.54897],[-74.420392,-0.547523],[-74.422518,-0.545951],[-74.423224,-0.542182],[-74.420772,-0.523587],[-74.421541,-0.512047],[-74.420985,-0.509906],[-74.419014,-0.507193],[-74.418583,-0.503123],[-74.419003,-0.501227],[-74.424625,-0.4958],[-74.429499,-0.494268],[-74.431496,-0.494439],[-74.434747,-0.496036],[-74.437029,-0.495979],[-74.443261,-0.492355],[-74.452722,-0.488319],[-74.458164,-0.487984],[-74.461758,-0.486786],[-74.467348,-0.481139],[-74.467348,-0.474751],[-74.469744,-0.472241],[-74.473794,-0.470815],[-74.479726,-0.472697],[-74.484404,-0.476861],[-74.489195,-0.484391],[-74.49142,-0.485931],[-74.494729,-0.486901],[-74.499235,-0.485874],[-74.500148,-0.484676],[-74.500091,-0.483022],[-74.493987,-0.477888],[-74.491648,-0.469503],[-74.491363,-0.464312],[-74.494843,-0.45895],[-74.498436,-0.457981],[-74.504483,-0.459578],[-74.511915,-0.463306],[-74.519124,-0.464401],[-74.520708,-0.466271],[-74.523421,-0.466023],[-74.525463,-0.464515],[-74.529924,-0.458608],[-74.532776,-0.451934],[-74.536256,-0.447941],[-74.538367,-0.440127],[-74.541219,-0.434194],[-74.54196,-0.422273],[-74.544299,-0.416454],[-74.550274,-0.409243],[-74.559187,-0.401453],[-74.578575,-0.388609],[-74.583031,-0.38434],[-74.586397,-0.382629],[-74.592386,-0.382001],[-74.597349,-0.379149],[-74.597748,-0.377153],[-74.597121,-0.373046],[-74.598433,-0.369908],[-74.601228,-0.366828],[-74.605449,-0.364318],[-74.608986,-0.363292],[-74.608587,-0.36101],[-74.606476,-0.35793],[-74.606191,-0.355876],[-74.606476,-0.352853],[-74.608644,-0.349658],[-74.612409,-0.347377],[-74.619596,-0.349373],[-74.629464,-0.349887],[-74.634256,-0.351769],[-74.636766,-0.35445],[-74.640987,-0.353937],[-74.644182,-0.355648],[-74.647205,-0.355762],[-74.652282,-0.360211],[-74.655476,-0.36814],[-74.657244,-0.370422],[-74.659241,-0.372076],[-74.662664,-0.373217],[-74.666714,-0.37219],[-74.67122,-0.368083],[-74.674871,-0.363006],[-74.678465,-0.35445],[-74.679206,-0.352339],[-74.678864,-0.350001],[-74.674472,-0.337451],[-74.67276,-0.335854],[-74.672646,-0.334314],[-74.672988,-0.332432],[-74.674472,-0.330378],[-74.682001,-0.325587],[-74.688789,-0.325016],[-74.693182,-0.327013],[-74.697916,-0.331177],[-74.705161,-0.342756],[-74.707842,-0.345608],[-74.709838,-0.346236],[-74.715086,-0.345323],[-74.718509,-0.345666],[-74.720163,-0.344468],[-74.725753,-0.337509],[-74.728491,-0.335113],[-74.730089,-0.330835],[-74.728548,-0.323191],[-74.726723,-0.321879],[-74.725924,-0.320111],[-74.726894,-0.316688],[-74.726324,-0.31184],[-74.726723,-0.304937],[-74.727693,-0.301629],[-74.726837,-0.294613],[-74.728363,-0.290007],[-74.730852,-0.285427],[-74.734386,-0.282042],[-74.736695,-0.277345],[-74.738255,-0.27605],[-74.740012,-0.27577],[-74.740908,-0.274575],[-74.742053,-0.268502],[-74.746035,-0.2575],[-74.74718,-0.249784],[-74.751885,-0.239426],[-74.758182,-0.231116],[-74.758729,-0.22564],[-74.760521,-0.222156],[-74.763459,-0.219119],[-74.764803,-0.214788],[-74.774112,-0.207918],[-74.776651,-0.204334],[-74.778941,-0.202492],[-74.783968,-0.194577],[-74.789214,-0.190827],[-74.789937,-0.189],[-74.791993,-0.187096],[-74.794891,-0.1861],[-74.8059,-0.185244],[-74.811554,-0.190016],[-74.814286,-0.190778],[-74.816681,-0.193744],[-74.823584,-0.193972],[-74.829117,-0.196083],[-74.839442,-0.20732],[-74.843777,-0.213481],[-74.84469,-0.220668],[-74.845773,-0.223064],[-74.851535,-0.226429],[-74.859578,-0.235328],[-74.865111,-0.237381],[-74.867108,-0.23915],[-74.871272,-0.238865],[-74.871899,-0.238408],[-74.871671,-0.233959],[-74.872298,-0.231848],[-74.875151,-0.228369],[-74.883878,-0.226144],[-74.888156,-0.227114],[-74.893404,-0.225745],[-74.893861,-0.224832],[-74.892321,-0.221695],[-74.892891,-0.219527],[-74.902075,-0.213424],[-74.905726,-0.206521],[-74.911373,-0.201958],[-74.915993,-0.200931],[-74.916906,-0.202642],[-74.916051,-0.209716],[-74.91896,-0.214964],[-74.92147,-0.21599],[-74.922439,-0.21542],[-74.926603,-0.216675],[-74.928429,-0.216447],[-74.928258,-0.210857],[-74.930254,-0.20384],[-74.93419,-0.201445],[-74.939609,-0.20019],[-74.943773,-0.20019],[-74.947025,-0.198878],[-74.947881,-0.197851],[-74.94634,-0.194713],[-74.946968,-0.193287],[-74.950505,-0.191177],[-74.953813,-0.190778],[-74.960487,-0.173722],[-74.967618,-0.167105],[-74.969158,-0.164595],[-74.970241,-0.1618],[-74.971439,-0.152616],[-74.972238,-0.151304],[-74.978684,-0.146797],[-74.982278,-0.146227],[-74.986996,-0.14697],[-74.989978,-0.1456],[-74.99728,-0.145714],[-75.001444,-0.144858],[-75.018554,-0.136471],[-75.019185,-0.134305],[-75.021523,-0.132366],[-75.024946,-0.126547],[-75.031224,-0.121094],[-75.034415,-0.117012],[-75.038898,-0.114193],[-75.038864,-0.111374],[-75.043823,-0.105035],[-75.048904,-0.101734],[-75.056263,-0.098938],[-75.070923,-0.086617],[-75.080323,-0.074029],[-75.085713,-0.07254],[-75.092204,-0.073896],[-75.095679,-0.073212],[-75.102467,-0.074011],[-75.108001,-0.073554],[-75.118211,-0.070132],[-75.124315,-0.070075],[-75.126699,-0.068025],[-75.132835,-0.066231],[-75.13772,-0.062773],[-75.139831,-0.059293],[-75.14326,-0.055652],[-75.15238,-0.05125],[-75.155004,-0.047771],[-75.161108,-0.043835],[-75.162534,-0.042066],[-75.167782,-0.040013],[-75.178392,-0.03756],[-75.1821,-0.03505],[-75.187291,-0.034936],[-75.19482,-0.038302],[-75.207199,-0.040013],[-75.210964,-0.041781],[-75.213131,-0.044006],[-75.221231,-0.045375],[-75.22454,-0.047029],[-75.225452,-0.048683],[-75.225338,-0.052106],[-75.220547,-0.057867],[-75.223171,-0.072014],[-75.225395,-0.07692],[-75.234294,-0.088328],[-75.243763,-0.096486],[-75.249125,-0.103045],[-75.254602,-0.105042],[-75.259108,-0.108864],[-75.263843,-0.109891],[-75.268292,-0.114226],[-75.269661,-0.114511],[-75.273255,-0.117306],[-75.276848,-0.118618],[-75.283636,-0.110632],[-75.295102,-0.102817],[-75.300692,-0.102304],[-75.309591,-0.103673],[-75.314725,-0.102361],[-75.320657,-0.099566],[-75.32465,-0.100479],[-75.33315,-0.098938],[-75.335146,-0.096657],[-75.335089,-0.093805],[-75.336401,-0.09158],[-75.341421,-0.088728],[-75.352773,-0.089241],[-75.367091,-0.086674],[-75.367946,-0.087473],[-75.371825,-0.087815],[-75.373936,-0.089355],[-75.37867,-0.088899],[-75.384888,-0.08964],[-75.391733,-0.092607],[-75.395669,-0.092493],[-75.405937,-0.090268],[-75.407762,-0.089013],[-75.411265,-0.083177],[-75.421167,-0.080399],[-75.426701,-0.078004],[-75.433432,-0.07652],[-75.43423,-0.076178],[-75.434173,-0.074581],[-75.435428,-0.073212],[-75.438452,-0.073725],[-75.444244,-0.07054],[-75.450214,-0.063598],[-75.460133,-0.056824],[-75.462721,-0.053909],[-75.464505,-0.050399],[-75.466915,-0.048258],[-75.472625,-0.045611],[-75.477628,-0.047057],[-75.487191,-0.047225],[-75.490211,-0.043786],[-75.49709,-0.039591],[-75.500445,-0.03481],[-75.50912,-0.033468],[-75.515209,-0.030615],[-75.521081,-0.02424],[-75.523179,-0.020046],[-75.529626,-0.015539],[-75.540065,-0.015367],[-75.547081,-0.016109],[-75.550446,-0.017364],[-75.554611,-0.020558],[-75.559117,-0.020958],[-75.566647,-0.023068],[-75.573435,-0.023011],[-75.576697,-0.022054],[-75.581248,-0.015897],[-75.579595,-0.009036],[-75.576571,-0.005745],[-75.575121,-0.002572],[-75.577411,0.002365],[-75.578911,0.012127],[-75.580508,0.015265],[-75.585984,0.019087],[-75.590947,0.018345],[-75.594541,0.015949],[-75.599732,0.014922],[-75.608459,0.017261],[-75.610285,0.01903],[-75.613251,0.029525],[-75.616559,0.033233],[-75.617928,0.038938],[-75.619811,0.042246],[-75.623918,0.047266],[-75.631162,0.050061],[-75.637551,0.048179],[-75.638863,0.047209],[-75.641088,0.044357],[-75.64143,0.038082],[-75.642286,0.035629],[-75.648104,0.03272],[-75.650614,0.034032],[-75.652497,0.036028],[-75.654265,0.039565],[-75.655349,0.04584],[-75.657916,0.047437],[-75.661738,0.048464],[-75.664647,0.04835],[-75.67018,0.046068],[-75.673717,0.045726],[-75.681132,0.043216],[-75.685753,0.043558],[-75.696648,0.042474],[-75.703265,0.046239],[-75.710966,0.046924],[-75.716955,0.045098],[-75.723801,0.041676],[-75.731958,0.04025],[-75.744222,0.041562],[-75.751809,0.038938],[-75.759624,0.041562],[-75.762818,0.046867],[-75.76664,0.04989],[-75.77223,0.052514],[-75.781642,0.053826],[-75.788602,0.057534],[-75.801265,0.052514],[-75.8056,0.053369],[-75.807426,0.054453],[-75.807711,0.05548],[-75.80694,0.061524],[-75.807445,0.070418],[-75.810029,0.074791],[-75.810506,0.077955],[-75.8137,0.084743],[-75.818549,0.089592],[-75.827571,0.095486],[-75.828427,0.097863],[-75.83261,0.101761],[-75.835035,0.105707],[-75.841452,0.111411],[-75.846253,0.118969],[-75.846776,0.123818],[-75.848392,0.127335],[-75.848107,0.129284],[-75.84882,0.13033],[-75.854905,0.133658],[-75.857757,0.13689],[-75.861084,0.137508],[-75.863271,0.136462],[-75.867917,0.131472],[-75.869571,0.12272],[-75.87038,0.12134],[-75.87602,0.120317],[-75.878673,0.121631],[-75.879367,0.123211],[-75.876805,0.131595],[-75.876995,0.135307],[-75.878899,0.138972],[-75.882159,0.141803],[-75.886108,0.14316],[-75.889558,0.14326],[-75.891983,0.142404],[-75.894817,0.139686],[-75.899303,0.137746],[-75.90225,0.138316],[-75.903296,0.139314],[-75.904335,0.142041],[-75.903835,0.143493],[-75.893009,0.150155],[-75.891105,0.152892],[-75.891438,0.15696],[-75.893628,0.160316],[-75.899338,0.165883],[-75.906339,0.170926],[-75.916274,0.175442],[-75.920599,0.184996],[-75.92464,0.190986],[-75.928158,0.194693],[-75.937047,0.201444],[-75.939661,0.207433],[-75.945556,0.205294],[-75.946839,0.205864],[-75.947315,0.2071],[-75.944367,0.209049],[-75.943464,0.210475],[-75.943797,0.214136],[-75.947742,0.220078],[-75.952519,0.221788],[-75.956227,0.22445],[-75.956702,0.229346],[-75.955229,0.234765],[-75.957178,0.238568],[-75.960458,0.240184],[-75.976905,0.24527],[-75.984606,0.24489],[-75.991546,0.246887],[-75.99706,0.247742],[-75.99977,0.247362],[-76.004333,0.249644],[-76.004761,0.252115],[-76.003763,0.253494],[-76.000198,0.254064],[-75.99378,0.250024],[-75.988837,0.249501],[-75.986079,0.250166],[-75.98413,0.251307],[-75.982609,0.253351],[-75.981801,0.257534],[-75.982086,0.261385],[-75.983703,0.263476],[-75.985794,0.264902],[-75.990115,0.265464],[-75.993162,0.266756],[-75.996205,0.268991],[-75.9963,0.273411],[-75.994945,0.280788],[-75.996182,0.286903],[-75.997678,0.290096],[-76.001624,0.294327],[-76.004856,0.299175],[-76.009325,0.30179],[-76.014458,0.307114],[-76.018214,0.306924],[-76.023253,0.304927],[-76.025534,0.305735],[-76.031904,0.306163],[-76.038607,0.309158],[-76.044311,0.314482],[-76.047353,0.319235],[-76.048779,0.324131],[-76.047306,0.327411],[-76.050053,0.332898],[-76.053361,0.335515],[-76.061145,0.337585],[-76.064615,0.340675],[-76.067467,0.340627],[-76.07108,0.339296],[-76.075073,0.339106],[-76.07821,0.337965],[-76.083249,0.33768],[-76.089572,0.336206],[-76.096227,0.321565],[-76.10041,0.318618],[-76.106209,0.315861],[-76.110297,0.315623],[-76.112912,0.316527],[-76.117523,0.321613],[-76.119899,0.328506],[-76.118445,0.333459],[-76.118231,0.338293],[-76.116965,0.343523],[-76.117286,0.346161],[-76.120816,0.352472],[-76.120914,0.354384],[-76.126805,0.36716],[-76.131975,0.375324],[-76.134664,0.376933]]}},{"type":"Feature","properties":{"DIVIPOLA":"86757"},"geometry":{"type":"LineString","coordinates":[[-76.641362,0.258857],[-76.65084,0.251878],[-76.652494,0.251706],[-76.655537,0.253236],[-76.655756,0.255304],[-76.653352,0.263956],[-76.653695,0.268656],[-76.656833,0.273001],[-76.660997,0.274876],[-76.663031,0.274809],[-76.665094,0.272674],[-76.677909,0.27005],[-76.679849,0.270576],[-76.684222,0.274145],[-76.690098,0.276786],[-76.695802,0.277436],[-76.702429,0.279407],[-76.70798,0.275109],[-76.711107,0.269653],[-76.712638,0.269662],[-76.718038,0.274006],[-76.722745,0.281318],[-76.727788,0.286224],[-76.730997,0.287635],[-76.733027,0.289958],[-76.737083,0.286032],[-76.739272,0.281495],[-76.741966,0.278932],[-76.752895,0.27518],[-76.768178,0.263589],[-76.767436,0.26001],[-76.765154,0.257981],[-76.760686,0.257159],[-76.755818,0.257715],[-76.753118,0.256241],[-76.752452,0.253715],[-76.752833,0.251915],[-76.75403,0.250212],[-76.75673,0.248469],[-76.763783,0.245789],[-76.767652,0.245685],[-76.77203,0.248728],[-76.778918,0.257914],[-76.786734,0.263871],[-76.797628,0.264989],[-76.805623,0.262258],[-76.810949,0.262192],[-76.815283,0.257871],[-76.821343,0.256363],[-76.824837,0.254458],[-76.828848,0.250622],[-76.841243,0.241546],[-76.843724,0.240311],[-76.846818,0.240009],[-76.853449,0.242951],[-76.859623,0.247357],[-76.864044,0.248261],[-76.872985,0.251777],[-76.88136,0.251909],[-76.885123,0.248042],[-76.887775,0.246836],[-76.893745,0.247974],[-76.902586,0.248183],[-76.907348,0.246852],[-76.910656,0.247991],[-76.914649,0.250115],[-76.923557,0.257205],[-76.933091,0.26083],[-76.934784,0.262074],[-76.934575,0.264198],[-76.928967,0.266553],[-76.927589,0.268065],[-76.927142,0.270075],[-76.927903,0.273185],[-76.933826,0.278036],[-76.937146,0.277927],[-76.939697,0.275871],[-76.943352,0.271112],[-76.948758,0.269723],[-76.95799,0.269666],[-76.964251,0.273837],[-76.967511,0.273611],[-76.976588,0.269589],[-76.981671,0.270655],[-76.987419,0.270732],[-76.995395,0.280211],[-76.997411,0.288493],[-76.996088,0.293898],[-76.997628,0.295247],[-77.001002,0.295802],[-77.003873,0.297189],[-77.01064,0.295073],[-77.013862,0.293273],[-77.021037,0.286239],[-77.02595,0.27887],[-77.028878,0.277625],[-77.03172,0.27905],[-77.035114,0.284054],[-77.036835,0.284073],[-77.040454,0.286745],[-77.041989,0.289422],[-77.044297,0.29144],[-77.046493,0.292186],[-77.047077,0.293314],[-77.048895,0.291328]]}},{"type":"Feature","properties":{"DIVIPOLA":"86865"},"geometry":{"type":"LineString","coordinates":[[-77.048895,0.291328],[-77.051757,0.285765],[-77.054025,0.285525],[-77.056308,0.288456],[-77.057675,0.288695],[-77.06529,0.287784],[-77.071907,0.284877],[-77.07466,0.284486],[-77.076798,0.285323],[-77.079151,0.287475],[-77.081053,0.291422],[-77.080661,0.293787],[-77.081567,0.296469],[-77.083896,0.299071],[-77.08809,0.299993],[-77.088804,0.301266],[-77.087987,0.303716],[-77.079994,0.310607],[-77.08164,0.317793],[-77.084045,0.320309],[-77.094492,0.325617],[-77.097631,0.335405],[-77.100626,0.33884],[-77.102252,0.343308],[-77.106078,0.348219],[-77.106442,0.349345],[-77.105587,0.353478],[-77.1071,0.359119],[-77.113394,0.37265]]}},{"type":"Feature","properties":{"DIVIPOLA":"91001"},"geometry":{"type":"LineString","coordinates":[[-70.335822,-3.198624],[-70.33502,-3.197356]]}},{"type":"Feature","properties":{"DIVIPOLA":"91001"},"geometry":{"type":"LineString","coordinates":[[-69.714375,-3.002609],[-69.933329,-4.219744],[-69.935857,-4.219415],[-69.937586,-4.221557],[-69.940968,-4.223181],[-69.941627,-4.224919],[-69.94289,-4.225938],[-69.945473,-4.225773],[-69.949927,-4.215659],[-69.954145,-4.209081],[-69.957116,-4.200133],[-69.959256,-4.197111],[-69.967456,-4.194681],[-69.969892,-4.190948],[-69.975715,-4.185673],[-69.977795,-4.180636],[-69.974824,-4.171747],[-69.974229,-4.165287],[-69.974764,-4.160546],[-69.977616,-4.152368],[-69.986173,-4.1385],[-69.993957,-4.135003],[-70.008455,-4.136781],[-70.015705,-4.135655],[-70.022954,-4.132396],[-70.025628,-4.130262],[-70.033412,-4.123328],[-70.039651,-4.115505],[-70.049455,-4.092213],[-70.056051,-4.079707],[-70.062111,-4.073602],[-70.083681,-4.056592],[-70.089266,-4.045211],[-70.095565,-4.036676],[-70.100913,-4.032112],[-70.114163,-4.029149],[-70.134069,-4.014389],[-70.146785,-4.002297],[-70.151776,-3.993762],[-70.160986,-3.973963],[-70.164789,-3.960389],[-70.170553,-3.947585],[-70.172751,-3.939819],[-70.174772,-3.936974],[-70.187309,-3.899034],[-70.192003,-3.8886],[-70.212979,-3.857713],[-70.218802,-3.851725],[-70.224625,-3.844314],[-70.233479,-3.836251],[-70.255939,-3.823564],[-70.263545,-3.821074],[-70.274894,-3.81894],[-70.294325,-3.812951],[-70.306773,-3.807272]]}},{"type":"Feature","properties":{"DIVIPOLA":"91263"},"geometry":{"type":"LineString","coordinates":[[-71.774968,-2.170213],[-71.782897,-2.173367],[-71.790826,-2.179694],[-71.792366,-2.181689],[-71.79442,-2.186876],[-71.795777,-2.198305],[-71.798811,-2.200655],[-71.804908,-2.203064],[-71.808681,-2.202552],[-71.813301,-2.192975],[-71.819234,-2.185736],[-71.825908,-2.184482],[-71.830756,-2.186192],[-71.83475,-2.189726],[-71.845017,-2.206371],[-71.846386,-2.215662],[-71.847584,-2.218797],[-71.854543,-2.225238],[-71.85808,-2.230824],[-71.862415,-2.247468],[-71.865553,-2.254593],[-71.865268,-2.264282],[-71.865838,-2.266733],[-71.869945,-2.277164],[-71.87525,-2.296771],[-71.876733,-2.300134],[-71.879985,-2.304466],[-71.883065,-2.305663],[-71.885689,-2.304808],[-71.893333,-2.29546],[-71.899322,-2.292952],[-71.901718,-2.293294],[-71.905255,-2.295403],[-71.907194,-2.299849],[-71.909419,-2.302813],[-71.91056,-2.307487],[-71.922824,-2.304865],[-71.929099,-2.305036],[-71.931723,-2.305606],[-71.939024,-2.310166],[-71.941934,-2.315067],[-71.94239,-2.319684],[-71.940108,-2.328119],[-71.940565,-2.336555],[-71.937941,-2.341798],[-71.930297,-2.35012],[-71.927102,-2.356218],[-71.922596,-2.361405],[-71.920428,-2.365166],[-71.920828,-2.367902],[-71.925847,-2.369441],[-71.929099,-2.372006],[-71.931837,-2.375368],[-71.934062,-2.375938],[-71.934917,-2.37514],[-71.935374,-2.37269],[-71.934632,-2.36414],[-71.937028,-2.357871],[-71.942732,-2.353482],[-71.949121,-2.352115],[-71.954711,-2.352457],[-71.964637,-2.354907],[-71.971311,-2.354622],[-71.9777,-2.357529],[-71.98094,-2.360815],[-71.987682,-2.365166],[-71.992474,-2.366135],[-72.00143,-2.362146],[-72.009701,-2.356788],[-72.017288,-2.353596],[-72.020083,-2.349835],[-72.023456,-2.343188],[-72.027783,-2.339462],[-72.0429,-2.332166],[-72.044896,-2.330399],[-72.048205,-2.329829],[-72.051685,-2.330399],[-72.056761,-2.333363],[-72.064462,-2.341741],[-72.069881,-2.345389],[-72.074274,-2.353482],[-72.076156,-2.358726],[-72.081347,-2.364368],[-72.085739,-2.367161],[-72.09595,-2.367788],[-72.099087,-2.369327],[-72.10194,-2.371493],[-72.105305,-2.375596],[-72.106788,-2.37856],[-72.112892,-2.386197],[-72.127495,-2.395886],[-72.138219,-2.398508],[-72.140444,-2.399648],[-72.142668,-2.401243],[-72.145406,-2.404663],[-72.148316,-2.410248],[-72.149228,-2.416233],[-72.14649,-2.424325],[-72.145635,-2.432703],[-72.141299,-2.44091],[-72.139588,-2.445982],[-72.138447,-2.451339],[-72.138504,-2.454987],[-72.140044,-2.457266],[-72.151282,-2.457209],[-72.158812,-2.460971],[-72.161436,-2.461313],[-72.163774,-2.460458],[-72.164402,-2.457836],[-72.160694,-2.450485],[-72.158526,-2.442677],[-72.159952,-2.433045],[-72.161949,-2.429284],[-72.164915,-2.42632],[-72.176609,-2.42159],[-72.18083,-2.422388],[-72.187504,-2.428942],[-72.19492,-2.434356],[-72.198628,-2.435952],[-72.20205,-2.436351],[-72.203876,-2.436237],[-72.212318,-2.432304],[-72.223099,-2.424211],[-72.229545,-2.423015],[-72.234051,-2.424154],[-72.240098,-2.428087],[-72.25299,-2.429968],[-72.257439,-2.429911],[-72.261603,-2.431506],[-72.263429,-2.433216],[-72.263828,-2.437434],[-72.262915,-2.43977],[-72.261489,-2.441993],[-72.257838,-2.444956],[-72.258703,-2.449768],[-72.25865,-2.454707],[-72.259379,-2.455899],[-72.260976,-2.456583],[-72.262801,-2.456241],[-72.267079,-2.452878],[-72.274438,-2.450257],[-72.278374,-2.450542],[-72.285561,-2.452536],[-72.289383,-2.455386],[-72.298554,-2.46453],[-72.303361,-2.467528],[-72.305926,-2.470944],[-72.309577,-2.4714],[-72.322069,-2.46895],[-72.329371,-2.470203],[-72.343004,-2.476073],[-72.349849,-2.478011],[-72.360801,-2.486502],[-72.365422,-2.488155],[-72.369985,-2.483596],[-72.373693,-2.481373],[-72.377173,-2.48086],[-72.378599,-2.479037],[-72.378827,-2.476358],[-72.375119,-2.470089],[-72.373636,-2.464048],[-72.374606,-2.458007],[-72.376203,-2.454759],[-72.381433,-2.448575],[-72.386287,-2.438429],[-72.390064,-2.434812],[-72.394457,-2.432646],[-72.397708,-2.429398],[-72.403413,-2.420735],[-72.405577,-2.414908],[-72.408723,-2.412176],[-72.409872,-2.411983],[-72.41214,-2.414466],[-72.412711,-2.414238],[-72.412368,-2.413155],[-72.41408,-2.414409],[-72.414137,-2.415264],[-72.412596,-2.415207],[-72.413167,-2.41572],[-72.412825,-2.41629],[-72.414365,-2.417486],[-72.418928,-2.425864],[-72.421723,-2.428429],[-72.425203,-2.430367],[-72.430736,-2.431962],[-72.435129,-2.431392],[-72.441974,-2.431677],[-72.446081,-2.430652],[-72.461482,-2.420792],[-72.466787,-2.418512],[-72.473975,-2.416745],[-72.478595,-2.411445],[-72.48179,-2.409222],[-72.48795,-2.408197],[-72.494967,-2.410533],[-72.512422,-2.411274],[-72.527367,-2.406487],[-72.534269,-2.402497],[-72.544366,-2.399249],[-72.552694,-2.398964],[-72.560509,-2.396285],[-72.565244,-2.396513],[-72.569807,-2.394746],[-72.57574,-2.387622],[-72.582015,-2.375026],[-72.587346,-2.367866],[-72.593164,-2.364219],[-72.601778,-2.36097],[-72.606512,-2.356639],[-72.618377,-2.354245],[-72.623288,-2.355014],[-72.628399,-2.356965],[-72.636517,-2.354872],[-72.63954,-2.356183],[-72.642107,-2.359146],[-72.642789,-2.361791],[-72.642304,-2.365817],[-72.642661,-2.367259],[-72.64379,-2.36704],[-72.642364,-2.36932],[-72.641718,-2.367516],[-72.639409,-2.375257],[-72.638371,-2.382144],[-72.638838,-2.385479],[-72.641736,-2.389439],[-72.652106,-2.395625],[-72.656284,-2.398907],[-72.662912,-2.406797],[-72.668547,-2.420044],[-72.669573,-2.42523],[-72.669859,-2.437882],[-72.670714,-2.441473],[-72.674194,-2.445633],[-72.683036,-2.451275],[-72.684861,-2.451047],[-72.68777,-2.448483],[-72.689481,-2.444664],[-72.688968,-2.438338],[-72.684975,-2.431898],[-72.683891,-2.426826],[-72.684176,-2.423349],[-72.6876,-2.4097],[-72.690013,-2.405017],[-72.698408,-2.396637],[-72.702602,-2.390094],[-72.705225,-2.387444],[-72.709618,-2.385164],[-72.713725,-2.384537],[-72.722053,-2.380719],[-72.729126,-2.380833],[-72.73215,-2.382656],[-72.734317,-2.385107],[-72.734945,-2.388014],[-72.734374,-2.401749],[-72.732854,-2.409002],[-72.734382,-2.417968],[-72.73668,-2.421622],[-72.741748,-2.424849],[-72.745327,-2.425515],[-72.748578,-2.424147],[-72.753427,-2.418106],[-72.75434,-2.414516],[-72.753655,-2.410412],[-72.75394,-2.402376],[-72.758275,-2.394055],[-72.763466,-2.387102],[-72.76803,-2.382884],[-72.771567,-2.381118],[-72.776929,-2.380491],[-72.786626,-2.38146],[-72.78828,-2.389382],[-72.787938,-2.391832],[-72.795011,-2.397076],[-72.804138,-2.408987],[-72.806762,-2.410013],[-72.815604,-2.410811],[-72.822791,-2.412407],[-72.830036,-2.415997],[-72.832831,-2.417992],[-72.839163,-2.424888],[-72.849694,-2.432842],[-72.865518,-2.433473],[-72.867398,-2.43458],[-72.867053,-2.436344],[-72.869171,-2.436709],[-72.881318,-2.433665],[-72.889931,-2.430245],[-72.893981,-2.430644],[-72.900484,-2.433494],[-72.906417,-2.43754],[-72.925868,-2.4527],[-72.932086,-2.453156],[-72.93471,-2.450363],[-72.934482,-2.44683],[-72.929177,-2.435831],[-72.923701,-2.431499],[-72.921989,-2.429163],[-72.920449,-2.426313],[-72.919479,-2.421127],[-72.922389,-2.415655],[-72.931972,-2.41178],[-72.947545,-2.402547],[-72.950454,-2.398672],[-72.954276,-2.38961],[-72.95496,-2.386874],[-72.954504,-2.379522],[-72.955131,-2.374791],[-72.954162,-2.36818],[-72.955702,-2.353475],[-72.949894,-2.347478],[-72.94899,-2.344765],[-72.949484,-2.339682],[-72.952108,-2.335123],[-72.955873,-2.333356],[-72.970305,-2.332729],[-72.975952,-2.334895],[-72.982964,-2.339326],[-72.986605,-2.345736],[-72.989846,-2.348492],[-72.999055,-2.346864],[-73.008809,-2.348802],[-73.01092,-2.347833],[-73.013258,-2.345268],[-73.015711,-2.338543],[-73.017594,-2.322869],[-73.019875,-2.316941],[-73.029754,-2.310114],[-73.032871,-2.309424],[-73.036892,-2.309971],[-73.041438,-2.313407],[-73.044119,-2.318537],[-73.046971,-2.331133],[-73.04187,-2.345558],[-73.042175,-2.349403],[-73.047962,-2.354733],[-73.052504,-2.357009],[-73.057239,-2.357408],[-73.060205,-2.356553],[-73.063571,-2.354281],[-73.068647,-2.341335],[-73.062258,-2.327998],[-73.061916,-2.321843],[-73.06397,-2.316485],[-73.069845,-2.311355],[-73.079942,-2.308677],[-73.083478,-2.30919],[-73.089199,-2.312377],[-73.095966,-2.321643],[-73.109946,-2.326345],[-73.118731,-2.324237],[-73.121925,-2.322071],[-73.122439,-2.319278],[-73.119244,-2.307651],[-73.114396,-2.300811],[-73.112627,-2.296935],[-73.114111,-2.28981],[-73.117818,-2.283085],[-73.122325,-2.277499],[-73.125861,-2.275105],[-73.130995,-2.273338],[-73.136643,-2.270203],[-73.140122,-2.266669],[-73.144343,-2.264845],[-73.148336,-2.261197],[-73.151702,-2.25658],[-73.155068,-2.248772],[-73.159346,-2.243186],[-73.162141,-2.238056],[-73.164651,-2.230532],[-73.166077,-2.225231],[-73.167731,-2.213033],[-73.169214,-2.208302],[-73.169499,-2.203856],[-73.167275,-2.198839],[-73.163624,-2.194507],[-73.162654,-2.190346],[-73.161627,-2.189377],[-73.159118,-2.188864],[-73.146739,-2.191429],[-73.141263,-2.191315],[-73.133049,-2.187154],[-73.127858,-2.182765],[-73.125576,-2.17963],[-73.120442,-2.167432],[-73.120043,-2.162016],[-73.115023,-2.140241],[-73.112513,-2.135567],[-73.10795,-2.131634],[-73.098253,-2.125135],[-73.091521,-2.118694],[-73.087129,-2.116642],[-73.082623,-2.116642],[-73.078573,-2.114361],[-73.074922,-2.114247],[-73.070016,-2.112138],[-73.068134,-2.107008],[-73.068191,-2.088652],[-73.069731,-2.081584],[-73.071842,-2.07993],[-73.07669,-2.079189],[-73.089411,-2.082781],[-73.092891,-2.081812],[-73.09831,-2.073147],[-73.103272,-2.061061],[-73.103101,-2.058724],[-73.100591,-2.054848],[-73.092719,-2.048292],[-73.090438,-2.045328],[-73.089354,-2.041907],[-73.089297,-2.038658],[-73.09078,-2.032615],[-73.094488,-2.027712],[-73.100705,-2.023152],[-73.102987,-2.020644],[-73.114966,-2.014943],[-73.117362,-2.011522],[-73.120043,-2.000919],[-73.120385,-1.991512],[-73.119758,-1.989175],[-73.11508,-1.981935],[-73.113939,-1.962381],[-73.109034,-1.949896],[-73.10852,-1.943681],[-73.109205,-1.94009],[-73.111601,-1.934617],[-73.112,-1.928232],[-73.110973,-1.922816],[-73.107322,-1.916202],[-73.104413,-1.907536],[-73.103443,-1.900239],[-73.105611,-1.893512],[-73.107322,-1.881995],[-73.109547,-1.874584],[-73.11103,-1.872246],[-73.117476,-1.868198],[-73.127972,-1.86626],[-73.132707,-1.864321],[-73.134931,-1.86415],[-73.141149,-1.866374],[-73.144343,-1.866089],[-73.146682,-1.864834],[-73.14885,-1.861528],[-73.149107,-1.858581],[-73.147994,-1.85594],[-73.147873,-1.852407],[-73.149021,-1.841345],[-73.141235,-1.826414],[-73.140846,-1.822902],[-73.141891,-1.814662],[-73.146739,-1.801273],[-73.152621,-1.799003],[-73.160116,-1.798531],[-73.167674,-1.799154],[-73.176496,-1.797477],[-73.188381,-1.790089],[-73.192146,-1.786497],[-73.194713,-1.782449],[-73.196253,-1.778572],[-73.197222,-1.772072],[-73.199618,-1.764261],[-73.203098,-1.760384],[-73.204638,-1.759699],[-73.204809,-1.761125],[-73.206235,-1.759642],[-73.209601,-1.748182],[-73.211597,-1.746187],[-73.217758,-1.743507],[-73.22524,-1.745903],[-73.232608,-1.752852],[-73.234213,-1.757128],[-73.234985,-1.766215],[-73.23136,-1.781954],[-73.233678,-1.7892],[-73.23451,-1.796089],[-73.236708,-1.799949],[-73.251348,-1.806682],[-73.254356,-1.805651],[-73.257327,-1.801612],[-73.25697,-1.799474],[-73.255175,-1.798192],[-73.246156,-1.79698],[-73.240174,-1.7921],[-73.239508,-1.789607],[-73.239857,-1.785636],[-73.241581,-1.78237],[-73.244611,-1.779875],[-73.250256,-1.77845],[-73.254356,-1.779044],[-73.267072,-1.778569],[-73.271825,-1.780053],[-73.275272,-1.778925],[-73.280501,-1.775124],[-73.28668,-1.772689],[-73.292563,-1.772036],[-73.297673,-1.773223],[-73.301832,-1.774649],[-73.305932,-1.777381],[-73.308666,-1.78041],[-73.310983,-1.784448],[-73.312706,-1.789437],[-73.313241,-1.794604],[-73.310627,-1.803572],[-73.306051,-1.809749],[-73.304506,-1.812956],[-73.308072,-1.817945],[-73.311102,-1.824418],[-73.313598,-1.825844],[-73.315796,-1.825487],[-73.320906,-1.822221],[-73.322273,-1.820023],[-73.318054,-1.810402],[-73.318411,-1.805473],[-73.320609,-1.801731],[-73.324531,-1.800009],[-73.333325,-1.799296],[-73.341347,-1.79698],[-73.34509,-1.793595],[-73.35638,-1.790744],[-73.358519,-1.789378],[-73.361965,-1.785458],[-73.367016,-1.782013],[-73.373612,-1.775183],[-73.381336,-1.771145],[-73.387457,-1.770016],[-73.393696,-1.77067],[-73.403559,-1.776668],[-73.413601,-1.784567],[-73.421078,-1.787796],[-73.426237,-1.789015],[-73.429263,-1.788539],[-73.430919,-1.785055],[-73.429583,-1.778465],[-73.42993,-1.771864],[-73.432794,-1.762771],[-73.436894,-1.756713],[-73.438677,-1.752199],[-73.444084,-1.747685],[-73.450561,-1.743706],[-73.456087,-1.735331],[-73.460365,-1.731055],[-73.462444,-1.729511],[-73.46803,-1.728382],[-73.479914,-1.731352],[-73.489421,-1.730461],[-73.497324,-1.727432],[-73.501662,-1.721374],[-73.505108,-1.718048],[-73.513605,-1.71591],[-73.526261,-1.709139],[-73.528935,-1.705694],[-73.529114,-1.700586],[-73.531193,-1.68847],[-73.53048,-1.681937],[-73.529292,-1.679501],[-73.520082,-1.67374],[-73.516279,-1.668632],[-73.513664,-1.659723],[-73.508079,-1.649982],[-73.507188,-1.645943],[-73.507604,-1.636618],[-73.505465,-1.631391],[-73.500889,-1.623373],[-73.494056,-1.615651],[-73.484668,-1.609534],[-73.478428,-1.604544],[-73.469159,-1.596763],[-73.463395,-1.590705],[-73.460008,-1.58524],[-73.456859,-1.575321],[-73.456443,-1.572886],[-73.457453,-1.568728],[-73.459771,-1.564808],[-73.466663,-1.565698],[-73.475457,-1.571698],[-73.480805,-1.57247],[-73.483123,-1.57348],[-73.486688,-1.573242],[-73.488589,-1.571104],[-73.487401,-1.568253],[-73.483241,-1.564154],[-73.481281,-1.559996],[-73.48027,-1.550611],[-73.481637,-1.542593],[-73.48033,-1.53689],[-73.477715,-1.531366],[-73.477834,-1.528456],[-73.476705,-1.524476],[-73.477121,-1.522575],[-73.47926,-1.520199],[-73.489421,-1.518417],[-73.493699,-1.5142],[-73.494591,-1.512359],[-73.493937,-1.508795],[-73.489065,-1.506181],[-73.485535,-1.502633]]}},{"type":"Feature","properties":{"DIVIPOLA":"91407"},"geometry":{"type":"LineString","coordinates":[[-69.432497,-1.0692],[-69.433887,-1.073531],[-69.428707,-1.076584],[-69.422934,-1.083092],[-69.41644,-1.093223],[-69.404839,-1.108208],[-69.398872,-1.118583],[-69.396725,-1.12651],[-69.397398,-1.135158],[-69.39943,-1.139993],[-69.401834,-1.142204],[-69.407004,-1.14386],[-69.41052,-1.146087],[-69.412754,-1.148657],[-69.414785,-1.153263],[-69.416103,-1.159],[-69.417019,-1.177945],[-69.418066,-1.183711],[-69.421501,-1.193968],[-69.430654,-1.211174],[-69.432929,-1.225145],[-69.432016,-1.236802],[-69.429968,-1.244572],[-69.423951,-1.258244],[-69.41547,-1.271282],[-69.411081,-1.28259],[-69.409826,-1.293587],[-69.412032,-1.315158],[-69.412092,-1.323174],[-69.409168,-1.335272],[-69.405291,-1.345993],[-69.399748,-1.356152],[-69.399129,-1.360653],[-69.400533,-1.364628],[-69.402696,-1.366753],[-69.406169,-1.368666],[-69.420552,-1.37405],[-69.424011,-1.376092],[-69.426012,-1.377991],[-69.43095,-1.386366],[-69.441478,-1.389815],[-69.441595,-1.398372],[-69.443484,-1.410681],[-69.443075,-1.426527],[-69.444993,-1.430258],[-69.448636,-1.433218],[-69.449814,-1.435902],[-69.454039,-1.440798],[-69.457223,-1.445923],[-69.458134,-1.454886],[-69.459883,-1.460266],[-69.462533,-1.466604],[-69.4664,-1.469072],[-69.469097,-1.475458],[-69.472199,-1.496377],[-69.471809,-1.502997],[-69.464286,-1.514099],[-69.460327,-1.524179],[-69.455641,-1.528832],[-69.451676,-1.538747],[-69.534863,-2.002609]]}},{"type":"Feature","properties":{"DIVIPOLA":"91530"},"geometry":{"type":"LineString","coordinates":[[-73.485535,-1.502633],[-73.483732,-1.498285],[-73.484073,-1.494598],[-73.490015,-1.482659],[-73.499641,-1.479867],[-73.510099,-1.480105],[-73.512476,-1.479332],[-73.51616,-1.476659],[-73.526559,-1.463888],[-73.52953,-1.453315],[-73.529292,-1.447969],[-73.527093,-1.436505],[-73.527509,-1.434425],[-73.52953,-1.431396],[-73.53149,-1.430089],[-73.543137,-1.426584],[-73.550208,-1.426466],[-73.557219,-1.427594],[-73.563815,-1.427],[-73.573738,-1.428961],[-73.577184,-1.427594],[-73.579264,-1.425278],[-73.579739,-1.422783],[-73.579145,-1.41809],[-73.578313,-1.416664],[-73.577066,-1.416486],[-73.566013,-1.422189],[-73.558527,-1.422426],[-73.551871,-1.418625],[-73.550148,-1.415833],[-73.548485,-1.409952],[-73.548485,-1.399735],[-73.552347,-1.389636],[-73.562686,-1.372588],[-73.570886,-1.363856],[-73.575461,-1.361004],[-73.577897,-1.354589],[-73.573857,-1.345203],[-73.574926,-1.33956],[-73.565538,-1.332075],[-73.564469,-1.329758],[-73.564706,-1.326847],[-73.568509,-1.319541],[-73.57255,-1.316392],[-73.575342,-1.316986],[-73.579621,-1.319541],[-73.584077,-1.320016],[-73.588534,-1.323639],[-73.589603,-1.323639],[-73.593644,-1.326313],[-73.59608,-1.326669],[-73.602022,-1.324055],[-73.59911,-1.315917],[-73.599229,-1.311165],[-73.601665,-1.305937],[-73.609984,-1.300591],[-73.613133,-1.296432],[-73.614916,-1.290432],[-73.613965,-1.284076],[-73.61456,-1.277066],[-73.618778,-1.262868],[-73.624423,-1.260611],[-73.629117,-1.260314],[-73.631851,-1.261086],[-73.638446,-1.265957],[-73.641001,-1.26667],[-73.643497,-1.266254],[-73.64932,-1.261205],[-73.64938,-1.256512],[-73.650806,-1.252888],[-73.652113,-1.251403],[-73.656272,-1.24873],[-73.6637,-1.246294],[-73.669107,-1.243205],[-73.673207,-1.238571],[-73.67594,-1.236373],[-73.677604,-1.235898],[-73.680456,-1.236195],[-73.687884,-1.239344],[-73.694242,-1.244037],[-73.7047,-1.245462],[-73.712484,-1.248433],[-73.718604,-1.248908],[-73.725972,-1.245938],[-73.735374,-1.240256],[-73.738706,-1.235878],[-73.739705,-1.231214],[-73.738628,-1.224195],[-73.742186,-1.216463],[-73.743042,-1.209733],[-73.741046,-1.199753],[-73.742415,-1.198156],[-73.745324,-1.197586],[-73.748917,-1.198213],[-73.751827,-1.199639],[-73.753424,-1.199354],[-73.75485,-1.200722],[-73.756162,-1.203916],[-73.754793,-1.212699],[-73.755991,-1.21652],[-73.755477,-1.232716],[-73.759642,-1.243723],[-73.767285,-1.249141],[-73.769909,-1.25319],[-73.776697,-1.258608],[-73.778922,-1.259007],[-73.780063,-1.257296],[-73.776697,-1.250395],[-73.77607,-1.247487],[-73.776412,-1.24321],[-73.779664,-1.238647],[-73.783257,-1.236936],[-73.787136,-1.236879],[-73.793012,-1.239332],[-73.799743,-1.24646],[-73.807101,-1.248285],[-73.810125,-1.246974],[-73.812464,-1.242183],[-73.81697,-1.235625],[-73.827295,-1.230891],[-73.837391,-1.228781],[-73.85131,-1.232032],[-73.85593,-1.230834],[-73.861235,-1.22804],[-73.86346,-1.226272],[-73.864601,-1.222508],[-73.863973,-1.209448],[-73.864658,-1.203745],[-73.866597,-1.199125],[-73.87812,-1.185324],[-73.882912,-1.182187],[-73.887418,-1.176598],[-73.890099,-1.174773],[-73.893978,-1.169241],[-73.893864,-1.15966],[-73.890499,-1.145858],[-73.892153,-1.139528],[-73.89683,-1.135421],[-73.898884,-1.129433],[-73.897572,-1.115346],[-73.894777,-1.112209],[-73.895119,-1.110555],[-73.899055,-1.108616],[-73.903048,-1.105251],[-73.913658,-1.103597],[-73.914057,-1.105765],[-73.913145,-1.108844],[-73.914228,-1.111354],[-73.915769,-1.111981],[-73.918906,-1.111525],[-73.920788,-1.108787],[-73.922728,-1.101544],[-73.92096,-1.095955],[-73.923355,-1.092362],[-73.936304,-1.091335],[-73.941552,-1.08991],[-73.943378,-1.091164],[-73.945317,-1.09624],[-73.94834,-1.097324],[-73.949367,-1.096468],[-73.950964,-1.09048],[-73.954159,-1.083807],[-73.95587,-1.08221],[-73.962886,-1.079587],[-73.968248,-1.081355],[-73.972926,-1.085746],[-73.97652,-1.087514],[-73.981996,-1.091564],[-73.988099,-1.096582],[-73.991009,-1.101715],[-73.993176,-1.102856],[-73.998025,-1.102001],[-74.004927,-1.092932],[-74.008863,-1.089739],[-74.015537,-1.078104],[-74.016222,-1.070632],[-74.015309,-1.067781],[-74.01548,-1.064815],[-74.016564,-1.061393],[-74.018617,-1.058998],[-74.017819,-1.055291],[-74.018789,-1.048161],[-74.017876,-1.036241],[-74.012856,-1.025405],[-74.012457,-1.015823],[-74.013712,-1.009207],[-74.016963,-1.003162],[-74.020443,-1.000196],[-74.026432,-0.999055],[-74.029741,-0.999283],[-74.032422,-1.000025],[-74.036301,-1.002648],[-74.038468,-1.005614],[-74.040237,-1.011717],[-74.045827,-1.022667],[-74.044629,-1.030139],[-74.046283,-1.038637],[-74.051588,-1.046108],[-74.056095,-1.048846],[-74.060886,-1.050443],[-74.06391,-1.049587],[-74.071439,-1.049587],[-74.076516,-1.048275],[-74.080452,-1.045538],[-74.085415,-1.043485],[-74.091404,-1.042572],[-74.096767,-1.03915],[-74.111141,-1.033846],[-74.114963,-1.031393],[-74.128825,-1.027401],[-74.130422,-1.026317],[-74.133331,-1.021241],[-74.136811,-1.018504],[-74.147877,-1.014283],[-74.158088,-1.008295],[-74.166864,-1.002055],[-74.179764,-1.003732],[-74.187066,-1.002933],[-74.192314,-1.004302],[-74.200612,-1.008227],[-74.209626,-1.009571],[-74.21092,-1.008353],[-74.218668,-1.006013],[-74.219181,-1.006698],[-74.225205,-1.004171],[-74.239545,-0.992781],[-74.24679,-0.985595],[-74.25084,-0.98434],[-74.261051,-0.984112],[-74.263732,-0.983142],[-74.266299,-0.980633],[-74.266698,-0.975899],[-74.266023,-0.972175],[-74.261849,-0.96472],[-74.262284,-0.961934],[-74.266356,-0.959359],[-74.266356,-0.958161],[-74.262819,-0.953598],[-74.259796,-0.945841],[-74.261735,-0.938256],[-74.262705,-0.925195],[-74.265272,-0.916924],[-74.266413,-0.916012],[-74.26955,-0.915841],[-74.270919,-0.914529],[-74.274513,-0.905974],[-74.274969,-0.901182],[-74.276224,-0.898274],[-74.277251,-0.896448],[-74.282385,-0.892741],[-74.287291,-0.891087],[-74.29077,-0.89103],[-74.309994,-0.894794],[-74.312903,-0.893597],[-74.316839,-0.888749],[-74.318265,-0.881391],[-74.31798,-0.877684],[-74.315356,-0.873463],[-74.311192,-0.86987],[-74.307313,-0.867531],[-74.302179,-0.866276],[-74.298106,-0.867191],[-74.285386,-0.873173],[-74.282271,-0.876543],[-74.281073,-0.880821],[-74.27862,-0.882817],[-74.276053,-0.884015],[-74.270406,-0.882931],[-74.265158,-0.876486],[-74.264188,-0.874147],[-74.268295,-0.857264],[-74.264302,-0.84329],[-74.258027,-0.835419],[-74.251353,-0.834507],[-74.247189,-0.832739],[-74.244908,-0.82886],[-74.244394,-0.825609],[-74.242455,-0.822301],[-74.24274,-0.818365],[-74.246676,-0.813175],[-74.250726,-0.812547],[-74.260994,-0.817624],[-74.264587,-0.821046],[-74.267383,-0.821388],[-74.269892,-0.822985],[-74.272688,-0.823499],[-74.277878,-0.825837],[-74.282727,-0.824867],[-74.287177,-0.821331],[-74.289458,-0.817396],[-74.285636,-0.81557],[-74.282955,-0.812319],[-74.283241,-0.810266],[-74.28672,-0.804049],[-74.286378,-0.797033],[-74.279761,-0.791672],[-74.277137,-0.787622],[-74.276681,-0.784941],[-74.277137,-0.780321],[-74.280502,-0.774389],[-74.283697,-0.772108],[-74.288945,-0.771937],[-74.290656,-0.772507],[-74.295562,-0.775929],[-74.301551,-0.781519],[-74.303377,-0.786938],[-74.306571,-0.791101],[-74.309709,-0.792527],[-74.313987,-0.790702],[-74.316839,-0.787907],[-74.317238,-0.785626],[-74.31644,-0.781975],[-74.308054,-0.772336],[-74.306514,-0.769826],[-74.30583,-0.766917],[-74.308853,-0.756194],[-74.311192,-0.752601],[-74.314044,-0.750775],[-74.317295,-0.749977],[-74.337317,-0.75762],[-74.343763,-0.757392],[-74.345646,-0.755738],[-74.348498,-0.749064],[-74.355172,-0.744958],[-74.356427,-0.74222],[-74.358366,-0.740394],[-74.361846,-0.73914],[-74.365326,-0.736459],[-74.374053,-0.727447],[-74.375308,-0.722827],[-74.375023,-0.720032],[-74.373597,-0.717294],[-74.368748,-0.715868],[-74.363728,-0.71564],[-74.352434,-0.713586],[-74.348156,-0.711305],[-74.343877,-0.706913],[-74.337945,-0.69733],[-74.336861,-0.693109],[-74.33669,-0.688603],[-74.334636,-0.684097],[-74.334294,-0.681017],[-74.336005,-0.675827],[-74.337432,-0.674229],[-74.341995,-0.671663],[-74.344334,-0.668754],[-74.35888,-0.665046],[-74.366295,-0.662422],[-74.369889,-0.658487],[-74.371714,-0.651186],[-74.370916,-0.646736],[-74.362473,-0.64109],[-74.358195,-0.634929],[-74.35694,-0.629453],[-74.35791,-0.625575],[-74.362017,-0.618673],[-74.364282,-0.612401],[-74.372751,-0.607011],[-74.379016,-0.599793],[-74.380442,-0.591123],[-74.384606,-0.58154],[-74.384264,-0.57538],[-74.387173,-0.56728],[-74.387629,-0.56169],[-74.385348,-0.557583],[-74.385633,-0.552701]]}},{"type":"Feature","properties":{"DIVIPOLA":"91536"},"geometry":{"type":"LineString","coordinates":[[-70.496072,-2.444519],[-70.497484,-2.444861],[-70.498739,-2.446514],[-70.501477,-2.451928],[-70.503759,-2.45341],[-70.505356,-2.453467],[-70.507353,-2.452213],[-70.510319,-2.447483],[-70.516089,-2.442031],[-70.521943,-2.439461],[-70.524727,-2.439604],[-70.527888,-2.440986],[-70.529563,-2.440728],[-70.5345,-2.436564],[-70.54021,-2.429188],[-70.544716,-2.425085],[-70.553558,-2.42007],[-70.566564,-2.415225],[-70.583391,-2.416251],[-70.594116,-2.418303],[-70.599192,-2.421096],[-70.600162,-2.426168],[-70.59828,-2.430214],[-70.596226,-2.432665],[-70.593716,-2.43409],[-70.584304,-2.437566],[-70.572382,-2.438877],[-70.56799,-2.440701],[-70.566507,-2.442581],[-70.561088,-2.456886],[-70.560232,-2.464295],[-70.560688,-2.467315],[-70.563654,-2.470678],[-70.568845,-2.473014],[-70.599078,-2.479169],[-70.607635,-2.478314],[-70.613681,-2.476719],[-70.621211,-2.476434],[-70.627714,-2.469766],[-70.629882,-2.466632],[-70.632049,-2.460363],[-70.632962,-2.454493],[-70.631422,-2.445773],[-70.628741,-2.441214],[-70.626402,-2.435059],[-70.625033,-2.425997],[-70.624462,-2.408956],[-70.624862,-2.400806],[-70.627029,-2.392827],[-70.628227,-2.391801],[-70.630794,-2.391174],[-70.635757,-2.391972],[-70.638039,-2.393511],[-70.642488,-2.398697],[-70.648649,-2.403257],[-70.650075,-2.403884],[-70.654638,-2.403941],[-70.659544,-2.402174],[-70.667245,-2.396646],[-70.670211,-2.391573],[-70.673976,-2.391573],[-70.674489,-2.390661],[-70.674432,-2.389066],[-70.672379,-2.386216],[-70.662396,-2.376299],[-70.659601,-2.369745],[-70.659373,-2.367351],[-70.660571,-2.361537],[-70.660114,-2.355382],[-70.661084,-2.347745],[-70.663024,-2.34575],[-70.672265,-2.341418],[-70.67466,-2.340905],[-70.679224,-2.341361],[-70.687438,-2.339252],[-70.69685,-2.334978],[-70.705521,-2.332755],[-70.730335,-2.330988],[-70.738378,-2.328252],[-70.74374,-2.32791],[-70.748817,-2.326257],[-70.755833,-2.321584],[-70.75994,-2.317936],[-70.761822,-2.305282],[-70.763648,-2.299241],[-70.770778,-2.29223],[-70.775741,-2.28995],[-70.783483,-2.288198],[-70.795747,-2.287742],[-70.814115,-2.292302],[-70.818108,-2.291846],[-70.820447,-2.288654],[-70.830372,-2.280959],[-70.84064,-2.271155],[-70.84372,-2.262663],[-70.848227,-2.244822],[-70.852733,-2.232681],[-70.857924,-2.22567],[-70.861746,-2.223447],[-70.876976,-2.219001],[-70.895858,-2.219229],[-70.907152,-2.22681],[-70.912913,-2.237013],[-70.922154,-2.247273],[-70.929342,-2.251377],[-70.934476,-2.25189],[-70.93864,-2.250351],[-70.941207,-2.247843],[-70.953585,-2.241744],[-70.955239,-2.240091],[-70.957122,-2.236329],[-70.961571,-2.220483],[-70.964766,-2.216037],[-70.967675,-2.213472],[-70.978342,-2.208684],[-70.988553,-2.207601],[-71.003441,-2.208228],[-71.00886,-2.209026],[-71.013652,-2.210736],[-71.017188,-2.214441],[-71.022836,-2.226525],[-71.02255,-2.233821],[-71.018614,-2.245449],[-71.014792,-2.253486],[-71.003778,-2.271625],[-70.996819,-2.278522],[-70.996021,-2.280232],[-70.997732,-2.285874],[-71.000641,-2.289579],[-71.008513,-2.296191],[-71.011794,-2.296316],[-71.013436,-2.295507],[-71.016061,-2.291866],[-71.019487,-2.283062],[-71.022032,-2.279947],[-71.040685,-2.262961],[-71.044678,-2.26051],[-71.053919,-2.26051],[-71.058141,-2.26279],[-71.064073,-2.267863],[-71.069492,-2.267179],[-71.088487,-2.269003],[-71.109822,-2.274817],[-71.115526,-2.277268],[-71.127904,-2.280858],[-71.134749,-2.283993],[-71.142793,-2.292144],[-71.145245,-2.296989],[-71.146272,-2.305652],[-71.142569,-2.312807],[-71.135906,-2.320707],[-71.131147,-2.331462],[-71.131433,-2.334127],[-71.132575,-2.336411],[-71.13543,-2.34079],[-71.137239,-2.342027],[-71.138666,-2.341837],[-71.14057,-2.340314],[-71.144662,-2.335269],[-71.155318,-2.33095],[-71.158943,-2.330475],[-71.164053,-2.332019],[-71.167915,-2.335166],[-71.17154,-2.341103],[-71.174147,-2.348123],[-71.182142,-2.35074],[-71.184676,-2.353274],[-71.187936,-2.352549],[-71.195372,-2.354321],[-71.194539,-2.352953],[-71.194456,-2.350788],[-71.199643,-2.350003],[-71.200714,-2.350455],[-71.204985,-2.344875],[-71.207662,-2.342602],[-71.21204,-2.341972],[-71.214419,-2.342281],[-71.216145,-2.343388],[-71.217322,-2.342198],[-71.218726,-2.343352],[-71.22426,-2.338832],[-71.229607,-2.335923],[-71.240481,-2.33432],[-71.245361,-2.335431],[-71.249717,-2.340528],[-71.252097,-2.345263],[-71.253001,-2.350854],[-71.254809,-2.353662],[-71.258498,-2.357089],[-71.262352,-2.359064],[-71.265065,-2.359349],[-71.268349,-2.357534],[-71.269241,-2.3551],[-71.26318,-2.34851],[-71.261516,-2.345007],[-71.261041,-2.34192],[-71.26217,-2.338298],[-71.26563,-2.334603],[-71.27024,-2.333149],[-71.276176,-2.335474],[-71.283085,-2.333786],[-71.293978,-2.334911],[-71.296388,-2.333654],[-71.299462,-2.3339],[-71.304233,-2.33666],[-71.308254,-2.341336],[-71.311966,-2.351555],[-71.311728,-2.361299],[-71.313846,-2.363179],[-71.322243,-2.367508],[-71.330562,-2.373148],[-71.333236,-2.37956],[-71.335969,-2.379857],[-71.346249,-2.376769],[-71.35231,-2.37582],[-71.35944,-2.37291],[-71.363659,-2.372436],[-71.367283,-2.373148],[-71.370492,-2.376473],[-71.374057,-2.382528],[-71.374354,-2.389652],[-71.379702,-2.399508],[-71.382792,-2.401942],[-71.386714,-2.402179],[-71.39634,-2.394639],[-71.401925,-2.392561],[-71.40347,-2.388762],[-71.40246,-2.384844],[-71.397588,-2.377957],[-71.392537,-2.364243],[-71.389982,-2.360384],[-71.389506,-2.354922],[-71.39117,-2.350588],[-71.399964,-2.338179],[-71.40965,-2.330936],[-71.419751,-2.324761],[-71.422603,-2.317281],[-71.426882,-2.309087],[-71.441855,-2.290326],[-71.448208,-2.279877],[-71.460001,-2.269413],[-71.469809,-2.266215],[-71.475206,-2.266],[-71.482458,-2.268442],[-71.49171,-2.269855],[-71.495193,-2.271968],[-71.499091,-2.276551],[-71.500705,-2.279786],[-71.501732,-2.284118],[-71.500648,-2.292667],[-71.489068,-2.320368],[-71.48171,-2.329259],[-71.48171,-2.33114],[-71.483877,-2.337296],[-71.488041,-2.341],[-71.495514,-2.341969],[-71.503329,-2.341057],[-71.506067,-2.339006],[-71.512399,-2.305549],[-71.509433,-2.283206],[-71.513083,-2.278133],[-71.515365,-2.270951],[-71.513882,-2.251572],[-71.514738,-2.249292],[-71.521183,-2.24097],[-71.527629,-2.239032],[-71.540578,-2.237436],[-71.547994,-2.237037],[-71.553185,-2.239203],[-71.563452,-2.236068],[-71.576915,-2.23584],[-71.586954,-2.232306],[-71.58935,-2.230653],[-71.598933,-2.228031],[-71.611426,-2.222388],[-71.617872,-2.21646],[-71.62466,-2.208366],[-71.632532,-2.200842],[-71.637951,-2.198049],[-71.644054,-2.196054],[-71.65204,-2.196225],[-71.664875,-2.19993],[-71.67115,-2.199018],[-71.682901,-2.203008],[-71.687635,-2.20335],[-71.690145,-2.204433],[-71.694252,-2.207625],[-71.700755,-2.215776],[-71.702923,-2.217543],[-71.709255,-2.221248],[-71.711593,-2.221191],[-71.716043,-2.218512],[-71.717754,-2.215605],[-71.716157,-2.209392],[-71.715929,-2.206599],[-71.716556,-2.204832],[-71.719294,-2.202609],[-71.725284,-2.202153],[-71.725626,-2.20107],[-71.724428,-2.193944],[-71.718324,-2.18129],[-71.716556,-2.175875],[-71.715872,-2.16818],[-71.719522,-2.145721],[-71.722489,-2.14059],[-71.727337,-2.138253],[-71.734011,-2.138595],[-71.743252,-2.14059],[-71.756315,-2.151193],[-71.765727,-2.154214],[-71.770177,-2.160484],[-71.772116,-2.169491],[-71.774968,-2.170213]]}},{"type":"Feature","properties":{"DIVIPOLA":"91540"},"geometry":{"type":"LineString","coordinates":[[-70.306773,-3.807272],[-70.326768,-3.801094],[-70.335681,-3.799315],[-70.340434,-3.796943],[-70.346376,-3.795698],[-70.361291,-3.786271],[-70.365272,-3.785145],[-70.372046,-3.785975],[-70.37983,-3.788346],[-70.38286,-3.789592],[-70.39005,-3.795105],[-70.394923,-3.797655],[-70.413699,-3.812714],[-70.427841,-3.825758],[-70.442696,-3.841824],[-70.454283,-3.851014],[-70.464682,-3.856883],[-70.47817,-3.863286],[-70.49558,-3.869866],[-70.50788,-3.873186],[-70.517922,-3.869096],[-70.527548,-3.866428],[-70.541749,-3.858424],[-70.545909,-3.851666],[-70.55191,-3.834354],[-70.555178,-3.829315],[-70.566824,-3.817813],[-70.574965,-3.813129],[-70.581679,-3.812003],[-70.58774,-3.813189],[-70.59083,-3.814908],[-70.602536,-3.82309],[-70.613291,-3.832754],[-70.617153,-3.83803],[-70.619821,-3.839416],[-70.621253,-3.838523],[-70.624363,-3.833687],[-70.628717,-3.831246],[-70.64408,-3.831289],[-70.652245,-3.828979],[-70.656485,-3.824624],[-70.673158,-3.802717],[-70.680441,-3.795977],[-70.684079,-3.793714],[-70.690218,-3.791756],[-70.698914,-3.791182],[-70.708496,-3.793301],[-70.713562,-3.795867],[-70.335822,-3.198624]]}},{"type":"Feature","properties":{"DIVIPOLA":"91798"},"geometry":{"type":"LineString","coordinates":[[-70.33502,-3.197356],[-70.080524,-2.794858],[-70.075533,-2.793369],[-70.072273,-2.788967],[-70.07031,-2.782543],[-70.064647,-2.770824],[-70.061744,-2.762281],[-70.06078,-2.761127],[-70.058989,-2.760806],[-70.05178,-2.746624],[-70.063132,-2.735285],[-70.066098,-2.731297],[-70.067581,-2.727137],[-70.066554,-2.712551],[-70.060394,-2.695856],[-70.059937,-2.685485],[-70.061991,-2.67973],[-70.067068,-2.669588],[-70.070205,-2.664915],[-70.074997,-2.659958],[-70.0815,-2.649872],[-70.087318,-2.644858],[-70.091825,-2.643718],[-70.095304,-2.644231],[-70.101465,-2.647821],[-70.106884,-2.655741],[-70.108139,-2.65916],[-70.108766,-2.66993],[-70.114756,-2.684517],[-70.115009,-2.689556],[-70.114476,-2.691117],[-70.115733,-2.694848],[-70.121031,-2.69842],[-70.124738,-2.699901],[-70.133751,-2.701155],[-70.136318,-2.7003],[-70.150594,-2.692057],[-70.154668,-2.690541],[-70.158109,-2.687879],[-70.159535,-2.684289],[-70.158166,-2.680015],[-70.155314,-2.674944],[-70.152633,-2.66634],[-70.152633,-2.649302],[-70.155542,-2.640983],[-70.160562,-2.635455],[-70.165524,-2.632492],[-70.170886,-2.631068],[-70.17351,-2.631524],[-70.180983,-2.629073],[-70.191479,-2.650271],[-70.193361,-2.652151],[-70.198895,-2.654715],[-70.203458,-2.655057],[-70.205169,-2.654431],[-70.212414,-2.648846],[-70.21481,-2.645826],[-70.216521,-2.641439],[-70.219886,-2.62782],[-70.221084,-2.619614],[-70.221255,-2.608559],[-70.22291,-2.592661],[-70.227872,-2.568841],[-70.229755,-2.564339],[-70.234489,-2.556874],[-70.241335,-2.549238],[-70.258562,-2.542399],[-70.263206,-2.539308],[-70.265749,-2.539758],[-70.270092,-2.541454],[-70.276487,-2.546064],[-70.281949,-2.553284],[-70.307219,-2.571576],[-70.315491,-2.574197],[-70.326614,-2.576078],[-70.330664,-2.575679],[-70.33363,-2.574368],[-70.334714,-2.570664],[-70.337738,-2.567587],[-70.339506,-2.561433],[-70.339335,-2.557672],[-70.334409,-2.54674],[-70.335092,-2.544068],[-70.337707,-2.542584],[-70.337536,-2.541116],[-70.331204,-2.539634],[-70.322419,-2.540147],[-70.319225,-2.539634],[-70.304393,-2.533479],[-70.297948,-2.529946],[-70.294354,-2.524931],[-70.292129,-2.519745],[-70.291787,-2.510456],[-70.294582,-2.506068],[-70.300229,-2.502079],[-70.304488,-2.497742],[-70.306582,-2.497231],[-70.314731,-2.492008],[-70.321798,-2.4892],[-70.325296,-2.490128],[-70.33341,-2.488891],[-70.335171,-2.49058],[-70.335504,-2.49265],[-70.336813,-2.492508],[-70.349686,-2.486692],[-70.353336,-2.485609],[-70.359896,-2.484982],[-70.364517,-2.486179],[-70.381858,-2.494044],[-70.390357,-2.501281],[-70.396233,-2.507493],[-70.400283,-2.509658],[-70.409752,-2.511311],[-70.417624,-2.508576],[-70.42213,-2.507778],[-70.43063,-2.509431],[-70.435136,-2.511767],[-70.437646,-2.51228],[-70.441126,-2.509601],[-70.444092,-2.505213],[-70.444948,-2.502649],[-70.445461,-2.500426],[-70.444377,-2.49581],[-70.444491,-2.491536],[-70.447401,-2.479967],[-70.454702,-2.469994],[-70.457897,-2.464409],[-70.467195,-2.45529],[-70.47307,-2.452042],[-70.476949,-2.452099],[-70.482482,-2.455689],[-70.491039,-2.453923],[-70.491552,-2.45227],[-70.491096,-2.44999],[-70.49178,-2.448395],[-70.494461,-2.445089],[-70.496072,-2.444519]]}},{"type":"Feature","properties":{"DIVIPOLA":"91798"},"geometry":{"type":"LineString","coordinates":[[-69.534863,-2.002609],[-69.714375,-3.002609]]}},{"type":"Feature","properties":{"DIVIPOLA":"94001"},"geometry":{"type":"LineString","coordinates":[[-67.712023,4.041949],[-67.710055,4.039604],[-67.710411,4.038063],[-67.709401,4.037885],[-67.708628,4.0367],[-67.709223,4.033321],[-67.707737,4.034032],[-67.707202,4.033202],[-67.705539,4.030239],[-67.702746,4.021881],[-67.70126,4.005403],[-67.701498,4.000246],[-67.703102,3.99586],[-67.703102,3.9926],[-67.701439,3.985783],[-67.699894,3.982878],[-67.698646,3.971438],[-67.69312,3.950157],[-67.692145,3.9427],[-67.693393,3.940684],[-67.694938,3.933926],[-67.694463,3.927346],[-67.690957,3.919462],[-67.685669,3.91549],[-67.684658,3.91383],[-67.681034,3.911518],[-67.67836,3.908791],[-67.674617,3.902804],[-67.672477,3.901381],[-67.670338,3.897883],[-67.666654,3.895868],[-67.66499,3.893674],[-67.663588,3.889064],[-67.663588,3.883999],[-67.664102,3.883714],[-67.66433,3.884454],[-67.665186,3.88343],[-67.665813,3.879787],[-67.665072,3.879901],[-67.664729,3.882349],[-67.661421,3.878934],[-67.659995,3.875178],[-67.655545,3.869828],[-67.6568,3.866015],[-67.655659,3.861689],[-67.65121,3.859868],[-67.648073,3.855315],[-67.647331,3.851217],[-67.648586,3.847916],[-67.645905,3.837273],[-67.648244,3.834029],[-67.649274,3.83097],[-67.648165,3.82786],[-67.649008,3.825958],[-67.648804,3.820652],[-67.644596,3.810254],[-67.641309,3.804452],[-67.636761,3.79143],[-67.635702,3.790052],[-67.630259,3.787336],[-67.628194,3.785535],[-67.627029,3.781951],[-67.627232,3.778019],[-67.626295,3.775927],[-67.62358,3.773526],[-67.621583,3.770295],[-67.620116,3.767723],[-67.617855,3.759067],[-67.61373,3.754392],[-67.608824,3.751441],[-67.602662,3.750032],[-67.598032,3.750361],[-67.594955,3.749031],[-67.582495,3.751802]]}},{"type":"Feature","properties":{"DIVIPOLA":"94883"},"geometry":{"type":"LineString","coordinates":[[-67.142357,1.605078],[-67.141911,1.607703],[-67.139926,1.610965],[-67.140551,1.614312],[-67.14037,1.615758],[-67.139381,1.616571],[-67.141176,1.619286],[-67.139427,1.622119],[-67.140094,1.623173],[-67.137396,1.625883],[-67.136318,1.626063],[-67.136135,1.629137],[-67.135212,1.629111],[-67.133437,1.632119],[-67.134511,1.63646],[-67.133806,1.637718],[-67.134688,1.639444],[-67.134368,1.642193],[-67.136236,1.643705],[-67.136103,1.645973],[-67.137903,1.646872],[-67.137604,1.649719],[-67.135045,1.651539],[-67.135753,1.653182],[-67.135264,1.656592],[-67.136196,1.660424],[-67.134757,1.66196],[-67.137361,1.663319],[-67.136282,1.664584],[-67.138075,1.669197],[-67.137162,1.670743],[-67.137442,1.672723],[-67.135554,1.673625],[-67.135732,1.675434],[-67.134162,1.676433],[-67.132045,1.679319],[-67.132747,1.680977],[-67.131721,1.683331],[-67.130512,1.6842],[-67.129505,1.687129],[-67.130597,1.689264],[-67.132124,1.690079],[-67.131404,1.691609],[-67.132401,1.693632],[-67.133334,1.693428],[-67.134815,1.694965],[-67.135624,1.694513],[-67.137958,1.697228],[-67.139898,1.697991],[-67.140966,1.700181],[-67.142147,1.700825],[-67.142773,1.702915],[-67.142295,1.704238],[-67.142928,1.707899],[-67.140282,1.710613],[-67.142885,1.713329],[-67.141121,1.717252],[-67.141944,1.719061],[-67.14172,1.721054],[-67.139257,1.724558],[-67.140536,1.726438],[-67.139995,1.728608],[-67.140959,1.730112],[-67.136798,1.731545],[-67.136687,1.732341],[-67.138047,1.733731],[-67.138754,1.73755],[-67.140472,1.737938],[-67.141242,1.739006],[-67.1387,1.741711],[-67.13869,1.745033],[-67.137922,1.745945],[-67.139015,1.748807],[-67.137817,1.749946],[-67.138846,1.75294],[-67.138192,1.754566],[-67.138499,1.756638],[-67.13781,1.757451],[-67.138874,1.759963],[-67.137843,1.761658],[-67.138171,1.763256],[-67.136005,1.764954],[-67.136171,1.765707],[-67.135375,1.76631],[-67.135786,1.767539],[-67.134892,1.768338],[-67.128454,1.767026],[-67.127645,1.76793],[-67.125667,1.768289],[-67.127513,1.771499],[-67.126111,1.774077],[-67.126649,1.775163],[-67.126287,1.777242],[-67.128623,1.777607],[-67.129072,1.779606],[-67.128604,1.780426],[-67.130017,1.780543],[-67.132104,1.783548],[-67.134021,1.783183],[-67.133679,1.784827],[-67.135224,1.786122],[-67.13337,1.793435],[-67.133637,1.795786],[-67.135164,1.797054],[-67.137971,1.795765],[-67.140377,1.796426],[-67.144356,1.801012],[-67.146109,1.800736],[-67.147381,1.801316],[-67.149624,1.805207],[-67.15187,1.805571],[-67.153485,1.808386],[-67.152222,1.812534],[-67.154041,1.814191],[-67.155004,1.816516],[-67.158429,1.814397],[-67.161206,1.815527],[-67.161722,1.819171],[-67.161288,1.823394],[-67.162276,1.824209],[-67.164702,1.824121],[-67.164917,1.825344],[-67.167767,1.829024],[-67.169902,1.829614],[-67.172743,1.832801],[-67.172601,1.833443],[-67.170713,1.834165],[-67.170534,1.835714],[-67.171459,1.836938],[-67.173496,1.83688],[-67.173854,1.838147],[-67.175112,1.838871],[-67.174338,1.839902],[-67.175018,1.84276],[-67.174377,1.844946],[-67.178192,1.844377],[-67.178712,1.843464],[-67.179959,1.843759],[-67.181938,1.842767],[-67.182876,1.843342],[-67.182976,1.844568],[-67.186613,1.847754],[-67.190521,1.847608],[-67.192985,1.849108],[-67.192805,1.84965],[-67.194713,1.851347],[-67.195589,1.8511],[-67.195048,1.852727],[-67.195537,1.855127],[-67.198371,1.85481],[-67.200828,1.855772],[-67.202394,1.857752],[-67.205288,1.858344],[-67.205794,1.856682],[-67.206548,1.856627],[-67.207534,1.858708],[-67.21011,1.859314],[-67.212711,1.861042],[-67.21537,1.858285],[-67.222449,1.86225],[-67.223301,1.861926],[-67.223529,1.860714],[-67.224876,1.861891],[-67.231002,1.86252],[-67.232915,1.861124],[-67.234673,1.861268],[-67.23522,1.862405],[-67.238393,1.864397],[-67.240062,1.864438],[-67.240782,1.863263],[-67.242338,1.863879],[-67.244538,1.863236],[-67.24468,1.861784],[-67.246361,1.861057],[-67.24753,1.861669],[-67.250341,1.860362],[-67.252585,1.860426],[-67.25301,1.858031],[-67.255724,1.858434],[-67.257706,1.857098],[-67.25904,1.85501],[-67.262359,1.855056],[-67.263662,1.855739],[-67.264606,1.855148],[-67.264498,1.859581],[-67.26556,1.859792],[-67.267026,1.861571],[-67.268697,1.86161],[-67.269901,1.863473],[-67.271179,1.862572],[-67.271877,1.864198],[-67.272866,1.86429],[-67.275923,1.862484],[-67.27835,1.862035],[-67.2783,1.865957],[-67.277807,1.866284],[-67.278344,1.868636],[-67.277265,1.868997],[-67.277354,1.869539],[-67.2805,1.871718],[-67.279238,1.873249],[-67.277351,1.873157],[-67.275551,1.875777],[-67.277411,1.877994],[-67.278819,1.877812],[-67.278872,1.87985],[-67.280528,1.878713],[-67.283725,1.879674],[-67.285283,1.878831],[-67.287038,1.880717],[-67.287227,1.882842],[-67.289114,1.883297],[-67.289531,1.88479],[-67.292581,1.886595],[-67.292436,1.88746],[-67.294681,1.888728],[-67.295624,1.887223],[-67.299171,1.888917],[-67.30061,1.891899],[-67.300518,1.893707],[-67.30443,1.895562],[-67.30707,1.902938],[-67.309576,1.902888],[-67.312105,1.901496],[-67.313069,1.902172],[-67.315516,1.905931],[-67.315425,1.907197],[-67.316503,1.90774],[-67.319195,1.911903],[-67.320962,1.912749],[-67.320959,1.914489],[-67.31962,1.915796],[-67.320568,1.9169],[-67.320483,1.918998],[-67.319997,1.91959],[-67.31811,1.919409],[-67.318017,1.921849],[-67.316896,1.923344],[-67.314723,1.924978],[-67.312121,1.9255],[-67.317024,1.926913],[-67.318041,1.928899],[-67.31756,1.930435],[-67.319783,1.932385],[-67.32006,1.934298],[-67.325618,1.937102],[-67.325188,1.9413],[-67.326802,1.945642],[-67.326572,1.950259],[-67.323919,1.952331],[-67.327869,1.95758],[-67.329845,1.958939],[-67.329389,1.96554],[-67.332751,1.96877],[-67.33217,1.970788],[-67.333146,1.970692],[-67.335134,1.972599],[-67.334284,1.976637],[-67.334499,1.97902],[-67.335526,1.979886],[-67.34116,1.980151],[-67.3425,1.977671],[-67.347377,1.980242],[-67.348156,1.983736],[-67.349683,1.984913],[-67.349592,1.98627],[-67.350668,1.98826],[-67.350043,1.991041],[-67.348597,1.992237],[-67.351113,1.993506],[-67.351381,1.995224],[-67.3503,1.997394],[-67.352544,1.999838],[-67.350434,2.002508],[-67.348537,2.002587],[-67.347107,2.003952],[-67.345349,2.004352],[-67.344587,2.005485],[-67.345136,2.008757],[-67.3475,2.010685],[-67.347166,2.015987],[-67.345423,2.017608],[-67.344615,2.019816],[-67.344519,2.025694],[-67.345613,2.026909],[-67.345982,2.028879],[-67.344102,2.036231],[-67.345256,2.037492],[-67.346075,2.040784],[-67.345631,2.044065],[-67.346908,2.045258],[-67.346861,2.04643],[-67.351328,2.050392],[-67.351593,2.052198],[-67.354668,2.055561],[-67.354329,2.058643],[-67.354959,2.061657],[-67.353489,2.063062],[-67.353017,2.065584],[-67.348359,2.069712],[-67.347347,2.072361],[-67.347855,2.073354],[-67.347326,2.075505],[-67.349635,2.078036],[-67.349583,2.083667],[-67.352338,2.082614],[-67.352996,2.086203],[-67.354416,2.086916],[-67.35574,2.089049],[-67.355917,2.09271],[-67.359819,2.094168],[-67.358069,2.097554],[-67.359435,2.100483],[-67.360172,2.10068],[-67.360171,2.101675],[-67.357731,2.104749],[-67.357497,2.108942],[-67.356666,2.109803],[-67.357149,2.111619],[-67.358542,2.112073],[-67.358181,2.113429],[-67.359309,2.1137],[-67.360695,2.116235],[-67.355839,2.117949],[-67.354671,2.117495],[-67.352896,2.118175],[-67.352221,2.121194],[-67.351436,2.122608],[-67.349878,2.123475],[-67.347776,2.127726],[-67.346,2.127578],[-67.343152,2.129782],[-67.345802,2.134635],[-67.347371,2.135303],[-67.3502,2.138335],[-67.350288,2.142159],[-67.351586,2.144441],[-67.351224,2.14634],[-67.356164,2.150686],[-67.358141,2.150688],[-67.359468,2.149899],[-67.361169,2.150487],[-67.362454,2.152592],[-67.363983,2.152232],[-67.366674,2.157661],[-67.370757,2.161796],[-67.370894,2.162639],[-67.369221,2.163497],[-67.36766,2.163187],[-67.366847,2.16372],[-67.366394,2.167518],[-67.364504,2.169053],[-67.363426,2.169052],[-67.362398,2.176708],[-67.360961,2.178201],[-67.359096,2.182703],[-67.361129,2.187951],[-67.363804,2.189901],[-67.364769,2.189552],[-67.366008,2.190151],[-67.368978,2.188411],[-67.370728,2.189283],[-67.371855,2.188415],[-67.372482,2.189953],[-67.373561,2.190496],[-67.373377,2.193752],[-67.371579,2.194383],[-67.372564,2.197278],[-67.372112,2.199629],[-67.370224,2.200531],[-67.370156,2.20133],[-67.368603,2.20223],[-67.366083,2.2055],[-67.371217,2.210336],[-67.371308,2.211546],[-67.370481,2.212288],[-67.372225,2.215299],[-67.371464,2.217444],[-67.372092,2.21862],[-67.374293,2.219228],[-67.374696,2.220793],[-67.37847,2.222606],[-67.381439,2.22062],[-67.382916,2.222028],[-67.384251,2.221667],[-67.386561,2.222706],[-67.387108,2.228391],[-67.385924,2.230007],[-67.386691,2.231511],[-67.389459,2.231914],[-67.390211,2.23269],[-67.393384,2.231576],[-67.39563,2.233025],[-67.395449,2.234336],[-67.397875,2.235379],[-67.399312,2.233476],[-67.400283,2.233513],[-67.400362,2.231316],[-67.40224,2.229094],[-67.401749,2.226973],[-67.407771,2.228065],[-67.408669,2.229332],[-67.410552,2.229313],[-67.413426,2.227933],[-67.415087,2.224666],[-67.417844,2.224639],[-67.4191,2.22672],[-67.422551,2.227434],[-67.424042,2.229258],[-67.427029,2.228862],[-67.427996,2.231433],[-67.429973,2.231706],[-67.429705,2.23053],[-67.432461,2.230593],[-67.433513,2.229869],[-67.433843,2.22755],[-67.434562,2.227913],[-67.435344,2.227255],[-67.436906,2.221946],[-67.439154,2.221316],[-67.440397,2.219303],[-67.440056,2.218242],[-67.443294,2.216798],[-67.443353,2.21622],[-67.444733,2.216166],[-67.44383,2.213422],[-67.445186,2.213002],[-67.446629,2.208119],[-67.445062,2.205878],[-67.445597,2.203513],[-67.444846,2.200902],[-67.441879,2.197963],[-67.442916,2.197183],[-67.443316,2.195274],[-67.445134,2.19517],[-67.446552,2.196001],[-67.44704,2.195424],[-67.446988,2.19123],[-67.449616,2.188497],[-67.447696,2.184723],[-67.448364,2.182889],[-67.447077,2.180389],[-67.448766,2.178779],[-67.449896,2.178911],[-67.451828,2.175398],[-67.450084,2.171224],[-67.453853,2.169508],[-67.454762,2.167973],[-67.455842,2.168304],[-67.458516,2.171401],[-67.464016,2.172957],[-67.465633,2.174225],[-67.470215,2.17179],[-67.471841,2.169166],[-67.475258,2.168537],[-67.478497,2.16646],[-67.482101,2.170365],[-67.481865,2.171032],[-67.47921,2.171887],[-67.48167,2.175922],[-67.484451,2.178266],[-67.486487,2.176688],[-67.487356,2.17792],[-67.489273,2.178047],[-67.490013,2.17576],[-67.490534,2.175878],[-67.490997,2.171493],[-67.495216,2.168466],[-67.494767,2.167923],[-67.495667,2.166658],[-67.495371,2.165215],[-67.496234,2.164277],[-67.501795,2.164],[-67.502861,2.165218],[-67.504838,2.165672],[-67.506007,2.165221],[-67.508164,2.166309],[-67.509873,2.165587],[-67.51176,2.166222],[-67.512302,2.1636],[-67.5141,2.16324],[-67.51486,2.162014],[-67.518146,2.16243],[-67.518957,2.161074],[-67.522912,2.161892],[-67.522743,2.161151],[-67.524082,2.160717],[-67.524353,2.159089],[-67.525971,2.15882],[-67.527139,2.159725],[-67.528398,2.159274],[-67.529389,2.157557],[-67.531458,2.156021],[-67.53128,2.153941],[-67.532477,2.152261],[-67.538363,2.151924],[-67.539194,2.151326],[-67.540122,2.152472],[-67.540902,2.151689],[-67.54135,2.152517],[-67.542878,2.152867],[-67.54306,2.15151],[-67.545743,2.150188],[-67.54567,2.148347],[-67.546622,2.147221],[-67.549713,2.146546],[-67.550166,2.147447],[-67.550226,2.145618],[-67.551427,2.144283],[-67.551047,2.142473],[-67.55215,2.140847],[-67.551432,2.139218],[-67.55244,2.138103],[-67.556019,2.136961],[-67.557077,2.135376],[-67.558268,2.135335],[-67.559118,2.133802],[-67.558902,2.130723],[-67.557375,2.128551],[-67.557468,2.125296],[-67.559897,2.12367],[-67.559499,2.12232],[-67.560439,2.1215],[-67.56053,2.119329],[-67.5614,2.118666],[-67.562142,2.114396],[-67.562963,2.113453],[-67.561885,2.112276],[-67.561977,2.110467],[-67.565067,2.108364],[-67.565896,2.106994],[-67.565819,2.104652],[-67.566748,2.103688],[-67.569575,2.103008],[-67.570256,2.10143],[-67.573779,2.101869],[-67.57439,2.10252],[-67.574611,2.099904],[-67.576281,2.099989],[-67.576222,2.099115],[-67.577663,2.097836],[-67.577274,2.095468],[-67.578714,2.092846],[-67.580963,2.091944],[-67.58366,2.091946],[-67.584882,2.090372],[-67.584921,2.089053],[-67.587232,2.088001],[-67.587301,2.085188],[-67.584206,2.084168],[-67.587025,2.082302],[-67.587803,2.082453],[-67.589415,2.076176],[-67.590196,2.076358],[-67.591071,2.075431],[-67.593743,2.075946],[-67.594912,2.075134],[-67.59644,2.075768],[-67.595004,2.072149],[-67.592398,2.071423],[-67.591764,2.069266],[-67.59303,2.068077],[-67.594112,2.06437],[-67.596102,2.063878],[-67.598067,2.065007],[-67.59798,2.062293],[-67.599079,2.061275],[-67.59919,2.059297],[-67.597714,2.05759],[-67.597358,2.054062],[-67.598058,2.052974],[-67.600101,2.052469],[-67.602353,2.047849],[-67.601987,2.045608],[-67.600244,2.043573],[-67.603824,2.043137],[-67.605099,2.041949],[-67.605102,2.040635],[-67.605944,2.039653],[-67.607495,2.039872],[-67.609147,2.039149],[-67.612031,2.042968],[-67.613369,2.043042],[-67.616768,2.039453],[-67.617968,2.036585],[-67.619437,2.036674],[-67.623782,2.039209],[-67.626497,2.039345],[-67.626089,2.037941],[-67.627129,2.036361],[-67.624075,2.033283],[-67.624161,2.031347],[-67.622589,2.027168],[-67.626149,2.026411],[-67.626195,2.024357],[-67.62768,2.022885],[-67.626603,2.020984],[-67.627683,2.019629],[-67.629045,2.019835],[-67.631551,2.016466],[-67.634868,2.014427],[-67.63614,2.011224],[-67.635512,2.010048],[-67.636532,2.008449],[-67.636384,2.007395],[-67.63848,2.008151],[-67.639021,2.006252],[-67.640369,2.006977],[-67.642417,2.006624],[-67.643997,2.004204],[-67.64351,2.002656],[-67.644598,2.001463],[-67.647441,2.002134],[-67.648654,2.001477],[-67.648468,1.996854],[-67.65067,1.996529],[-67.651166,1.995228],[-67.652925,1.994965],[-67.656652,1.991705],[-67.658974,1.991305],[-67.663303,1.993881],[-67.664321,1.995208],[-67.665007,1.998495],[-67.668154,1.998136],[-67.670428,2.002449],[-67.673879,2.004584],[-67.674718,2.007142],[-67.676506,2.008454],[-67.677363,2.00744],[-67.678125,2.007912]]}},{"type":"Feature","properties":{"DIVIPOLA":"94883"},"geometry":{"type":"LineString","coordinates":[[-67.33875,2.500841],[-67.33721,2.496402],[-67.333958,2.492641],[-67.33373,2.489963],[-67.329908,2.484549],[-67.32814,2.482782],[-67.322721,2.480673],[-67.3181,2.476399],[-67.316275,2.472752],[-67.315134,2.463405],[-67.308916,2.458276],[-67.305779,2.457592],[-67.304296,2.456396],[-67.302527,2.447391],[-67.30036,2.442889],[-67.300189,2.441008],[-67.295967,2.438443],[-67.293572,2.438614],[-67.289008,2.437532],[-67.286441,2.435765],[-67.285414,2.433371],[-67.28319,2.431148],[-67.275603,2.428185],[-67.271097,2.427615],[-67.268359,2.428983],[-67.266077,2.429154],[-67.261,2.427444],[-67.25792,2.424537],[-67.251075,2.415533],[-67.247024,2.413025],[-67.242575,2.40801],[-67.233905,2.404761],[-67.221983,2.396098],[-67.21702,2.390855],[-67.215137,2.38071],[-67.208806,2.371876],[-67.209205,2.369995],[-67.210802,2.369311],[-67.210232,2.368912],[-67.209034,2.369539],[-67.204014,2.366233],[-67.202474,2.362529],[-67.198538,2.35928],[-67.189411,2.348508],[-67.18924,2.34372],[-67.190609,2.340073],[-67.192605,2.337394],[-67.197454,2.324513],[-67.201219,2.320295],[-67.215708,2.310777],[-67.219359,2.305818],[-67.219244,2.303652],[-67.220499,2.301942],[-67.219986,2.301372],[-67.221298,2.298009],[-67.219872,2.291055],[-67.217362,2.290315],[-67.216735,2.288947],[-67.216221,2.283532],[-67.217761,2.275951],[-67.218047,2.270194],[-67.218902,2.268028],[-67.222325,2.265064],[-67.223637,2.261587],[-67.223466,2.259821],[-67.224778,2.25509],[-67.224378,2.251727],[-67.220899,2.247908],[-67.218104,2.241581],[-67.214681,2.239016],[-67.212228,2.234855],[-67.211258,2.232176],[-67.210403,2.224196],[-67.208349,2.221232],[-67.20544,2.21291],[-67.202588,2.209205],[-67.199964,2.202422],[-67.199736,2.199173],[-67.198253,2.195011],[-67.198823,2.193871],[-67.197568,2.191135],[-67.196199,2.183896],[-67.194203,2.178595],[-67.192149,2.176543],[-67.190324,2.170444],[-67.183592,2.163375],[-67.179885,2.157675],[-67.177375,2.151633],[-67.175606,2.150265],[-67.168305,2.140574],[-67.168191,2.13932],[-67.164711,2.136299],[-67.161802,2.131397],[-67.153816,2.124613],[-67.152675,2.124328],[-67.151934,2.125126],[-67.149081,2.125411],[-67.146914,2.124499],[-67.141038,2.127463],[-67.138928,2.128889],[-67.138072,2.130485],[-67.13214,2.133791],[-67.129744,2.134076],[-67.127177,2.135729],[-67.121187,2.135273],[-67.117479,2.133563],[-67.110634,2.120737],[-67.109379,2.117488],[-67.108239,2.108937],[-67.110007,2.099816],[-67.107497,2.094572],[-67.105729,2.084653],[-67.100024,2.070744],[-67.099055,2.062649],[-67.099055,2.054383],[-67.10031,2.05005],[-67.104417,2.042468],[-67.106584,2.040473],[-67.10898,2.036426],[-67.11092,2.029927],[-67.114913,2.026164],[-67.117308,2.022459],[-67.118563,2.017043],[-67.117194,2.014592],[-67.11708,2.012026],[-67.119761,2.006668],[-67.119533,2.004045],[-67.126549,1.99823],[-67.127291,1.993613],[-67.126892,1.992587],[-67.12769,1.991675],[-67.126036,1.987912],[-67.124496,1.986145],[-67.127063,1.983351],[-67.127405,1.981413],[-67.12518,1.975997],[-67.123412,1.97423],[-67.119362,1.97366],[-67.116681,1.974287],[-67.115711,1.97366],[-67.109037,1.962087],[-67.106755,1.960319],[-67.104873,1.9565],[-67.102876,1.954219],[-67.100195,1.953022],[-67.095974,1.95268],[-67.092209,1.950286],[-67.086562,1.940138],[-67.082683,1.93723],[-67.081371,1.935235],[-67.078861,1.928508],[-67.070704,1.924289],[-67.068822,1.922236],[-67.066882,1.914597],[-67.064144,1.909409],[-67.062718,1.902625],[-67.062775,1.895669],[-67.058041,1.882214],[-67.057755,1.876912],[-67.055588,1.874004],[-67.055676,1.872745],[-67.052705,1.866213],[-67.051338,1.860096],[-67.050209,1.859086],[-67.047535,1.852732],[-67.04498,1.850237],[-67.042425,1.84994],[-67.038622,1.844773],[-67.038741,1.835924],[-67.041415,1.832005],[-67.040999,1.826897],[-67.043376,1.81692],[-67.043732,1.81003],[-67.042663,1.806408],[-67.039692,1.803616],[-67.039454,1.794767],[-67.037968,1.787996],[-67.036721,1.786987],[-67.035829,1.782057],[-67.032324,1.773624],[-67.028758,1.772733],[-67.024421,1.766794],[-67.022995,1.766319],[-67.022044,1.765071],[-67.023173,1.760736],[-67.020499,1.755569],[-67.018182,1.753787],[-67.015864,1.745175],[-67.015151,1.738286],[-67.013666,1.735969],[-67.010814,1.734247],[-67.010101,1.732346],[-67.007902,1.730505],[-67.005406,1.725635],[-67.005109,1.718864],[-67.001603,1.712806],[-66.997539,1.702578],[-66.994687,1.700559],[-66.99237,1.67597],[-66.989102,1.670446],[-66.987607,1.669223]]}},{"type":"Feature","properties":{"DIVIPOLA":"94884"},"geometry":{"type":"LineString","coordinates":[[-67.678125,2.007912],[-67.679777,2.007364],[-67.682382,2.002177],[-67.684124,2.002533],[-67.690716,2.000506],[-67.696379,2.001415],[-67.699523,2.004493],[-67.698824,2.006745],[-67.69988,2.008835],[-67.701767,2.009198],[-67.704193,2.010828],[-67.708328,2.011102],[-67.707835,2.012746],[-67.708415,2.015082],[-67.713091,2.014001],[-67.714709,2.014454],[-67.716505,2.017079],[-67.71999,2.014707],[-67.719588,2.011766],[-67.720376,2.009393],[-67.72577,2.009126],[-67.725627,2.009898],[-67.728319,2.012983],[-67.730352,2.012929],[-67.730261,2.014376],[-67.73116,2.015281],[-67.730709,2.017361],[-67.731696,2.019804],[-67.730762,2.024871],[-67.73285,2.025491],[-67.736638,2.024795],[-67.736968,2.027188],[-67.741848,2.028224],[-67.742489,2.031566],[-67.742114,2.032928],[-67.743042,2.034232],[-67.745551,2.034522],[-67.748405,2.035917],[-67.751915,2.030764],[-67.757669,2.029774],[-67.759196,2.031674],[-67.759285,2.033845],[-67.761148,2.034675],[-67.76288,2.03412],[-67.76342,2.034572],[-67.765024,2.033359],[-67.766673,2.033265],[-67.769761,2.034709],[-67.77115,2.036387],[-67.775248,2.035236],[-67.77631,2.033508],[-67.775738,2.032139],[-67.77695,2.031146],[-67.77637,2.028251],[-67.778798,2.027891],[-67.779248,2.026896],[-67.777542,2.024995],[-67.777125,2.020623],[-67.777729,2.019665],[-67.777146,2.018975],[-67.778578,2.017689],[-67.778482,2.016677],[-67.775932,2.013507],[-67.777591,2.010917],[-67.779342,2.010166],[-67.780341,2.008806],[-67.781869,2.008989],[-67.782777,2.008114],[-67.782502,2.004195],[-67.784271,2.001724],[-67.784483,1.999222],[-67.78669,1.999716],[-67.788617,2.001848],[-67.790597,1.998141],[-67.793231,1.998054],[-67.793925,1.996787],[-67.796982,1.995794],[-67.797522,1.994799],[-67.800939,1.994169],[-67.80094,1.991998],[-67.800042,1.99064],[-67.800943,1.988741],[-67.800224,1.987655],[-67.803461,1.987296],[-67.804417,1.987977],[-67.806159,1.986484],[-67.807343,1.986506],[-67.808719,1.981442],[-67.807384,1.978327],[-67.807826,1.976675],[-67.806691,1.975276],[-67.808091,1.974264],[-67.808596,1.972737],[-67.810016,1.974511],[-67.812101,1.974096],[-67.812461,1.973282],[-67.815427,1.974008],[-67.81633,1.971939],[-67.815431,1.969124],[-67.817681,1.965688],[-67.819347,1.965919],[-67.821548,1.963339],[-67.822514,1.963333],[-67.82313,1.961946],[-67.825506,1.9609],[-67.826496,1.95873],[-67.825743,1.955841],[-67.826089,1.954065],[-67.828208,1.95267],[-67.830582,1.952471],[-67.832345,1.950141],[-67.829592,1.945194],[-67.83172,1.944622],[-67.832122,1.943693],[-67.834088,1.942912],[-67.833915,1.939864],[-67.83537,1.939148],[-67.837027,1.940284],[-67.839635,1.939653],[-67.840085,1.938477],[-67.842692,1.937937],[-67.843466,1.940012],[-67.844758,1.940923],[-67.846443,1.939103],[-67.849164,1.939931],[-67.850193,1.93961],[-67.85102,1.935092],[-67.852442,1.934393],[-67.854201,1.935321],[-67.85537,1.934689],[-67.856825,1.93236],[-67.856003,1.930528],[-67.856812,1.929444],[-67.857801,1.929625],[-67.858522,1.92646],[-67.860449,1.92613],[-67.861036,1.923578],[-67.863649,1.922935],[-67.864817,1.924474],[-67.865716,1.924294],[-67.867639,1.921086],[-67.869494,1.920497],[-67.868686,1.918687],[-67.868488,1.91466],[-67.870039,1.912899],[-67.871387,1.912629],[-67.87094,1.909824],[-67.872199,1.908921],[-67.87238,1.907383],[-67.870383,1.905851],[-67.870503,1.901942],[-67.871754,1.901051],[-67.873103,1.901323],[-67.873912,1.900238],[-67.878315,1.904131],[-67.881682,1.898691],[-67.880927,1.896805],[-67.881557,1.896082],[-67.883675,1.895826],[-67.885244,1.894004],[-67.886145,1.895181],[-67.887671,1.894639],[-67.887797,1.895326],[-67.888961,1.895672],[-67.890188,1.895002],[-67.891476,1.895764],[-67.893424,1.895004],[-67.89702,1.895007],[-67.897155,1.893756],[-67.895518,1.891648],[-67.895315,1.88994],[-67.898283,1.888585],[-67.899572,1.889723],[-67.901156,1.893381],[-67.904121,1.896006],[-67.910953,1.898091],[-67.912423,1.897505],[-67.91592,1.897891],[-67.918462,1.894816],[-67.922283,1.89249],[-67.922247,1.888977],[-67.920985,1.886241],[-67.9213,1.883534],[-67.920355,1.882326],[-67.919372,1.882622],[-67.915885,1.879911],[-67.908259,1.862026],[-67.909726,1.860928],[-67.912479,1.860677],[-67.913134,1.859468],[-67.916033,1.861054],[-67.916728,1.862546],[-67.919215,1.861793],[-67.923384,1.856399],[-67.922128,1.852418],[-67.922309,1.850609],[-67.918863,1.84819],[-67.918626,1.846717],[-67.919886,1.843823],[-67.918992,1.841106],[-67.919439,1.839119],[-67.917592,1.837714],[-67.915038,1.832242],[-67.91567,1.828986],[-67.914681,1.828714],[-67.915015,1.826344],[-67.917247,1.825687],[-67.918498,1.824393],[-67.917721,1.822119],[-67.917815,1.819216],[-67.908487,1.814418],[-67.908398,1.812609],[-67.904849,1.809372],[-67.904356,1.807089],[-67.904356,1.806546],[-67.905556,1.806948],[-67.907705,1.805343],[-67.923361,1.813933],[-67.92767,1.815255],[-67.92956,1.816543],[-67.934318,1.817478],[-67.93664,1.819088],[-67.938869,1.818959],[-67.940566,1.819867],[-67.946959,1.82014],[-67.950425,1.817839],[-67.957029,1.817432],[-67.959432,1.818348],[-67.963366,1.817771],[-67.964939,1.819517],[-67.969344,1.818705],[-67.970297,1.819302],[-67.971143,1.817802],[-67.971502,1.818526],[-67.972377,1.818331],[-67.973031,1.81726],[-67.976945,1.818386],[-67.980131,1.815772],[-67.981121,1.81835],[-67.985196,1.818297],[-67.984625,1.822875],[-67.985344,1.823057],[-67.986043,1.827091],[-67.987007,1.826829],[-67.990234,1.828989],[-67.992532,1.829393],[-67.993123,1.833676],[-67.995405,1.835636],[-67.995276,1.836433],[-67.997194,1.837847],[-67.998461,1.837447],[-67.999629,1.838895],[-68.002327,1.837178],[-68.006028,1.836485],[-68.006913,1.834647],[-68.0088,1.836819],[-68.010649,1.836781],[-68.014556,1.832571],[-68.015634,1.832662],[-68.017704,1.829226],[-68.018065,1.826241],[-68.019413,1.826055],[-68.019325,1.824342],[-68.02017,1.822848],[-68.019966,1.819993],[-68.021396,1.818011],[-68.023221,1.819458],[-68.0267,1.817381],[-68.027388,1.815652],[-68.028551,1.81489],[-68.032238,1.815357],[-68.033831,1.814096],[-68.036035,1.81518],[-68.038747,1.81802],[-68.038746,1.819015],[-68.037127,1.821367],[-68.036365,1.824835],[-68.033775,1.825962],[-68.036344,1.828888],[-68.036903,1.831398],[-68.0382,1.83177],[-68.040279,1.834806],[-68.037975,1.837465],[-68.042512,1.837923],[-68.043521,1.840742],[-68.045923,1.840903],[-68.046016,1.841906],[-68.046761,1.842028],[-68.046015,1.843262],[-68.046103,1.846609],[-68.044394,1.848418],[-68.043583,1.851312],[-68.04502,1.854117],[-68.047683,1.854062],[-68.049645,1.857122],[-68.04893,1.858437],[-68.049881,1.859898],[-68.046003,1.865515],[-68.04717,1.866223],[-68.04721,1.868461],[-68.049622,1.871163],[-68.051212,1.876645],[-68.05363,1.878171],[-68.060381,1.87873],[-68.059786,1.881105],[-68.061098,1.881897],[-68.061546,1.884159],[-68.062625,1.88434],[-68.062265,1.885516],[-68.063843,1.888661],[-68.064226,1.893891],[-68.069183,1.894204],[-68.071564,1.892711],[-68.074938,1.892579],[-68.075477,1.893484],[-68.08024,1.895657],[-68.083685,1.898795],[-68.08556,1.899077],[-68.090653,1.89802],[-68.092075,1.896976],[-68.096499,1.899343],[-68.099299,1.90434],[-68.103878,1.909872],[-68.106446,1.916735],[-68.106536,1.921173],[-68.109173,1.929053],[-68.115035,1.936303],[-68.120274,1.93896],[-68.121975,1.942086],[-68.12175,1.94697],[-68.131907,1.953218],[-68.129027,1.958372],[-68.139849,1.970461],[-68.1467,1.972621],[-68.148928,1.970632],[-68.153574,1.968425],[-68.160125,1.967187],[-68.167416,1.963367],[-68.168686,1.963404],[-68.171003,1.964897],[-68.172567,1.967838],[-68.17401,1.968048],[-68.176224,1.969704],[-68.175337,1.97411],[-68.171617,1.977567],[-68.171492,1.978481],[-68.175313,1.980422],[-68.178783,1.979794],[-68.182245,1.976854],[-68.183804,1.976515],[-68.18491,1.977155],[-68.185789,1.981961],[-68.184628,1.987922],[-68.186744,1.990288],[-68.188262,1.990426],[-68.18907,1.993683],[-68.188439,1.996578],[-68.189467,2.001186],[-68.188942,2.004477],[-68.190053,2.005444],[-68.190228,2.014581],[-68.191902,2.017227],[-68.192886,2.026405],[-68.192449,2.030789],[-68.191659,2.031498],[-68.192557,2.033851],[-68.192143,2.035793],[-68.192784,2.038235],[-68.195495,2.03825],[-68.196061,2.03919],[-68.199305,2.039734],[-68.20008,2.038694],[-68.201738,2.013863],[-68.200933,2.003731],[-68.201899,2.000062],[-68.204029,1.998453],[-68.203906,1.992876],[-68.20491,1.991751],[-68.205655,1.985864],[-68.207065,1.983754],[-68.21037,1.981892],[-68.210328,1.979939],[-68.208586,1.976541],[-68.214563,1.969164],[-68.216514,1.964805]]}},{"type":"Feature","properties":{"DIVIPOLA":"94884"},"geometry":{"type":"LineString","coordinates":[[-67.516406,3.174741],[-67.859827,2.867553],[-67.859845,2.785076],[-67.859237,2.785987],[-67.857012,2.786785],[-67.852734,2.791286],[-67.846174,2.791514],[-67.841268,2.790317],[-67.835906,2.794021],[-67.834252,2.796243],[-67.83294,2.801769],[-67.831457,2.802795],[-67.832027,2.810999],[-67.828719,2.813905],[-67.82695,2.820628],[-67.822216,2.826838],[-67.813773,2.831168],[-67.809381,2.830826],[-67.800026,2.827123],[-67.7905,2.825642],[-67.78297,2.825528],[-67.779719,2.826097],[-67.772417,2.829459],[-67.767283,2.830826],[-67.757871,2.831168],[-67.75462,2.831909],[-67.752965,2.833675],[-67.747596,2.836592],[-67.740067,2.836763],[-67.737043,2.835282],[-67.735789,2.832547],[-67.736074,2.829129],[-67.737899,2.827761],[-67.739211,2.823203],[-67.738755,2.819101],[-67.736416,2.816651],[-67.732423,2.815455],[-67.728943,2.81329],[-67.717364,2.809359],[-67.713599,2.809074],[-67.681712,2.8003],[-67.679487,2.800755],[-67.669333,2.799274],[-67.662488,2.796539],[-67.656955,2.7954],[-67.651536,2.796027],[-67.649026,2.797736],[-67.641667,2.806909],[-67.637845,2.809017],[-67.621189,2.813347],[-67.619592,2.813461],[-67.615827,2.81198],[-67.613944,2.809871],[-67.611834,2.803205],[-67.6067,2.8003],[-67.595691,2.788962],[-67.595519,2.787081],[-67.585936,2.775003],[-67.584852,2.769818],[-67.585765,2.768963],[-67.587533,2.759505],[-67.586906,2.747084],[-67.585936,2.743779],[-67.579034,2.736486],[-67.572873,2.734036],[-67.570991,2.730959],[-67.568652,2.728566],[-67.566142,2.72754],[-67.564887,2.725489],[-67.564203,2.721786],[-67.566941,2.707997],[-67.566523,2.699096],[-67.567664,2.694652],[-67.568748,2.69431],[-67.5716,2.680521],[-67.571144,2.672031],[-67.569946,2.665592],[-67.566466,2.658697],[-67.563386,2.654765],[-67.559507,2.652201],[-67.555286,2.652315],[-67.55289,2.653227],[-67.551178,2.65448],[-67.551007,2.657044],[-67.549809,2.658925],[-67.539199,2.667187],[-67.531156,2.668954],[-67.526308,2.67129],[-67.522086,2.672372],[-67.514157,2.669124],[-67.511762,2.665991],[-67.504175,2.665136],[-67.499554,2.665649],[-67.489971,2.662002],[-67.485351,2.657785],[-67.483183,2.654594],[-67.479875,2.642685],[-67.475596,2.635847],[-67.472402,2.622798],[-67.470691,2.619493],[-67.464815,2.616758],[-67.462705,2.618695],[-67.457057,2.619265],[-67.45198,2.618125],[-67.449413,2.615162],[-67.442568,2.609806],[-67.439431,2.605133],[-67.437149,2.603024],[-67.435381,2.599662],[-67.433555,2.598694],[-67.431331,2.594819],[-67.427623,2.59214],[-67.42517,2.59214],[-67.423288,2.588949],[-67.42363,2.58724],[-67.420949,2.583878],[-67.4165,2.582339],[-67.412221,2.57835],[-67.397961,2.574988],[-67.392827,2.572424],[-67.390659,2.569631],[-67.387864,2.56171],[-67.388891,2.556695],[-67.387122,2.55225],[-67.387807,2.549116],[-67.387065,2.547692],[-67.387864,2.546039],[-67.384042,2.542506],[-67.380905,2.541936],[-67.375828,2.539713],[-67.373546,2.537662],[-67.37212,2.533502],[-67.370694,2.532305],[-67.370409,2.531051],[-67.366587,2.528487],[-67.364362,2.529057],[-67.359514,2.527518],[-67.355406,2.529114],[-67.353695,2.529114],[-67.351699,2.527005],[-67.34685,2.524441],[-67.342686,2.519882],[-67.339035,2.514468],[-67.337723,2.509624],[-67.337438,2.505008],[-67.33875,2.500841]]}},{"type":"Feature","properties":{"DIVIPOLA":"94885"},"geometry":{"type":"LineString","coordinates":[[-66.987607,1.669223],[-66.985061,1.668308],[-66.983813,1.669139],[-66.982744,1.668545],[-66.980307,1.664388],[-66.977693,1.661834],[-66.970325,1.644669],[-66.96777,1.64259],[-66.96468,1.635047],[-66.961887,1.63172],[-66.962422,1.622336],[-66.96468,1.607903],[-66.965215,1.605586],[-66.967532,1.602676],[-66.968483,1.599825],[-66.96676,1.596498],[-66.966819,1.594479],[-66.964383,1.586817],[-66.961471,1.583728],[-66.956658,1.580402],[-66.950954,1.581055],[-66.948934,1.579927],[-66.944239,1.573036],[-66.941744,1.56674],[-66.937347,1.559149],[-66.933211,1.547674],[-66.931072,1.543753],[-66.927863,1.540332],[-66.927079,1.536982],[-66.925154,1.533703],[-66.921232,1.508969],[-66.916954,1.505334],[-66.912961,1.494999],[-66.912034,1.491363],[-66.912034,1.487372],[-66.913317,1.47946],[-66.915956,1.47055],[-66.915813,1.462138],[-66.914601,1.457434],[-66.91731,1.44553],[-66.918523,1.434695],[-66.916241,1.420439],[-66.909823,1.409675],[-66.898272,1.400765],[-66.891926,1.397628],[-66.886364,1.39606],[-66.883441,1.396417],[-66.8823,1.397985],[-66.881587,1.397985],[-66.876453,1.395276],[-66.871034,1.388433],[-66.865615,1.375958],[-66.862335,1.371254],[-66.858271,1.368189],[-66.858342,1.362985],[-66.857344,1.35714],[-66.863119,1.332475],[-66.863191,1.322923],[-66.864046,1.317648],[-66.866328,1.313371],[-66.877665,1.30446],[-66.886436,1.291629],[-66.887434,1.287993],[-66.887149,1.284714],[-66.884368,1.280437],[-66.881516,1.264041],[-66.878664,1.256556],[-66.87517,1.252564],[-66.873744,1.251708],[-66.870606,1.251423],[-66.862406,1.246005],[-66.861123,1.243653],[-66.858912,1.23296],[-66.85689,1.22796],[-67.089195,1.165633],[-67.091024,1.166157],[-67.090412,1.168484],[-67.092519,1.169937],[-67.091044,1.170437],[-67.09068,1.171287],[-67.092116,1.172554],[-67.088791,1.17427],[-67.088791,1.175174],[-67.087622,1.175897],[-67.086085,1.176194],[-67.085285,1.178246],[-67.086775,1.179459],[-67.08699,1.18096],[-67.088606,1.181775],[-67.089054,1.184488],[-67.09001,1.184537],[-67.09085,1.185755],[-67.090348,1.187696],[-67.090872,1.18937],[-67.087844,1.191471],[-67.085366,1.191357],[-67.085862,1.194294],[-67.085363,1.195336],[-67.082038,1.196147],[-67.080684,1.198283],[-67.082881,1.200803],[-67.084461,1.201122],[-67.088095,1.203935],[-67.087512,1.205826],[-67.087778,1.209896],[-67.09024,1.210857],[-67.091603,1.213144],[-67.091168,1.214721],[-67.092302,1.216238],[-67.08966,1.217402],[-67.090288,1.218397],[-67.090107,1.220386],[-67.091094,1.221472],[-67.089655,1.22346],[-67.090279,1.226504],[-67.095311,1.22889],[-67.095037,1.23004],[-67.095939,1.230066],[-67.096024,1.231057],[-67.099081,1.233504],[-67.09935,1.234589],[-67.098533,1.236042],[-67.098962,1.237492],[-67.100495,1.237775],[-67.100876,1.237032],[-67.102063,1.237593],[-67.10191,1.239389],[-67.10276,1.240107],[-67.102716,1.241218],[-67.101679,1.243995],[-67.100241,1.244446],[-67.099385,1.245754],[-67.098975,1.247585],[-67.100866,1.250324],[-67.100236,1.252493],[-67.098477,1.253771],[-67.098303,1.255002],[-67.100053,1.256743],[-67.10077,1.258914],[-67.104094,1.258374],[-67.105261,1.260273],[-67.106056,1.259818],[-67.107893,1.26106],[-67.112792,1.267231],[-67.114689,1.267514],[-67.115686,1.269065],[-67.117285,1.269348],[-67.118066,1.268414],[-67.120976,1.26987],[-67.122954,1.268424],[-67.127086,1.271848],[-67.126785,1.273987],[-67.125495,1.274876],[-67.126001,1.278193],[-67.125164,1.280126],[-67.126816,1.281718],[-67.127103,1.283524],[-67.12895,1.283579],[-67.130261,1.284754],[-67.133183,1.285703],[-67.134299,1.2891],[-67.137671,1.291765],[-67.137979,1.294257],[-67.140812,1.295836],[-67.143008,1.300588],[-67.146646,1.303527],[-67.147325,1.305928],[-67.148351,1.306602],[-67.14784,1.310189],[-67.148885,1.314198],[-67.147806,1.315464],[-67.147897,1.31637],[-67.149062,1.317544],[-67.150739,1.317515],[-67.151917,1.316537],[-67.152566,1.317728],[-67.15562,1.318092],[-67.156146,1.319063],[-67.155633,1.324314],[-67.156369,1.326753],[-67.154625,1.326862],[-67.15252,1.328514],[-67.151837,1.331653],[-67.153543,1.332377],[-67.15408,1.335],[-67.152512,1.336406],[-67.15286,1.338088],[-67.151406,1.340303],[-67.151559,1.343973],[-67.150838,1.345487],[-67.148234,1.343496],[-67.143023,1.34313],[-67.138709,1.345387],[-67.136054,1.349046],[-67.136059,1.351223],[-67.134283,1.352628],[-67.133156,1.352594],[-67.131427,1.350988],[-67.13161,1.347371],[-67.129637,1.347278],[-67.128915,1.346374],[-67.127663,1.339682],[-67.126985,1.341974],[-67.125488,1.342489],[-67.125016,1.341257],[-67.121193,1.340581],[-67.120564,1.341033],[-67.11751,1.339855],[-67.116385,1.337646],[-67.114878,1.337176],[-67.114818,1.336327],[-67.113814,1.33641],[-67.113381,1.335512],[-67.112486,1.336274],[-67.111404,1.335601],[-67.109404,1.335918],[-67.107668,1.338599],[-67.103854,1.340297],[-67.102703,1.342697],[-67.101488,1.342822],[-67.101202,1.344682],[-67.099537,1.346442],[-67.098054,1.346402],[-67.09738,1.347345],[-67.096075,1.346659],[-67.093157,1.34716],[-67.088564,1.349204],[-67.087987,1.355491],[-67.088208,1.357374],[-67.089426,1.35871],[-67.088114,1.361986],[-67.084865,1.363199],[-67.082598,1.361941],[-67.081514,1.36375],[-67.079697,1.363702],[-67.07796,1.365323],[-67.077466,1.368898],[-67.075531,1.371108],[-67.075163,1.37258],[-67.076742,1.374045],[-67.076804,1.375668],[-67.078041,1.376445],[-67.080017,1.376356],[-67.083766,1.374108],[-67.084511,1.37419],[-67.081364,1.377623],[-67.08217,1.380698],[-67.083038,1.381181],[-67.082618,1.381784],[-67.083377,1.383591],[-67.081446,1.38766],[-67.082164,1.388203],[-67.082162,1.391097],[-67.079342,1.392237],[-67.078386,1.394168],[-67.080271,1.395797],[-67.080449,1.397967],[-67.081617,1.397968],[-67.082465,1.400524],[-67.081613,1.40258],[-67.082511,1.403666],[-67.081476,1.40785],[-67.082984,1.409909],[-67.084123,1.409635],[-67.08547,1.41054],[-67.085512,1.412034],[-67.086187,1.412168],[-67.086994,1.414339],[-67.08512,1.417152],[-67.084293,1.420078],[-67.082947,1.420032],[-67.081418,1.42202],[-67.083298,1.425154],[-67.085547,1.426093],[-67.085859,1.42776],[-67.084956,1.428755],[-67.084824,1.431608],[-67.087348,1.433336],[-67.085651,1.435972],[-67.085986,1.437848],[-67.083289,1.440468],[-67.082983,1.442874],[-67.082208,1.443812],[-67.083684,1.444298],[-67.083848,1.446104],[-67.084721,1.44716],[-67.084208,1.4484],[-67.079135,1.452909],[-67.078745,1.454802],[-67.077526,1.456106],[-67.077662,1.457482],[-67.078809,1.458248],[-67.079449,1.461311],[-67.077698,1.465058],[-67.077377,1.470021],[-67.079529,1.472544],[-67.079128,1.473468],[-67.079821,1.474338],[-67.082002,1.474465],[-67.085415,1.475915],[-67.087725,1.475528],[-67.090188,1.477181],[-67.089994,1.479536],[-67.090927,1.481978],[-67.090521,1.48356],[-67.092057,1.48433],[-67.092235,1.486139],[-67.093312,1.487134],[-67.092503,1.488038],[-67.093309,1.490389],[-67.091871,1.491383],[-67.093276,1.493856],[-67.093842,1.497804],[-67.095098,1.499795],[-67.096417,1.49838],[-67.098826,1.500855],[-67.101657,1.500072],[-67.103003,1.501791],[-67.101518,1.503371],[-67.101292,1.505949],[-67.100123,1.508028],[-67.101469,1.509114],[-67.101407,1.512051],[-67.100704,1.51305],[-67.101195,1.514991],[-67.099892,1.516249],[-67.100527,1.519852],[-67.099301,1.522856],[-67.100558,1.5234],[-67.101724,1.526475],[-67.101518,1.528233],[-67.100553,1.529368],[-67.100461,1.531899],[-67.099652,1.53226],[-67.099741,1.533798],[-67.101087,1.535698],[-67.100468,1.536878],[-67.100454,1.540218],[-67.10231,1.543879],[-67.101257,1.546006],[-67.099549,1.547451],[-67.099277,1.549712],[-67.099816,1.554779],[-67.101266,1.558238],[-67.101785,1.559027],[-67.103852,1.558035],[-67.105343,1.560792],[-67.105225,1.56187],[-67.103938,1.563098],[-67.103936,1.565088],[-67.105371,1.56735],[-67.10465,1.570242],[-67.106356,1.571962],[-67.106983,1.573952],[-67.105943,1.573912],[-67.103694,1.575667],[-67.103745,1.577385],[-67.102666,1.578288],[-67.103023,1.580459],[-67.104473,1.581785],[-67.107269,1.582457],[-67.10877,1.584804],[-67.109149,1.584329],[-67.110567,1.584896],[-67.111015,1.586705],[-67.112312,1.587134],[-67.112718,1.590685],[-67.11599,1.593446],[-67.117747,1.593493],[-67.119469,1.595057],[-67.120607,1.595203],[-67.121518,1.596933],[-67.122226,1.59662],[-67.126953,1.598244],[-67.129514,1.597663],[-67.132838,1.599023],[-67.133734,1.601375],[-67.134506,1.601345],[-67.13558,1.602773],[-67.136112,1.60457],[-67.138618,1.606142],[-67.139901,1.604907],[-67.143071,1.603709],[-67.142357,1.605078]]}},{"type":"Feature","properties":{"DIVIPOLA":"94886"},"geometry":{"type":"LineString","coordinates":[[-67.582495,3.751802],[-67.573223,3.751935],[-67.556111,3.756059],[-67.549066,3.75375],[-67.539506,3.75518],[-67.534975,3.758668],[-67.528809,3.767639],[-67.524794,3.772191],[-67.520985,3.774073],[-67.51719,3.773763],[-67.502674,3.766653],[-67.498205,3.758305],[-67.491265,3.748059],[-67.489554,3.74398],[-67.487842,3.742177],[-67.486131,3.733355],[-67.487272,3.72918],[-67.486606,3.722634],[-67.487177,3.718839],[-67.486416,3.714191],[-67.485846,3.712578],[-67.483089,3.709637],[-67.474532,3.694647],[-67.47111,3.691611],[-67.471395,3.686962],[-67.470634,3.685064],[-67.468448,3.682977],[-67.464645,3.681554],[-67.454947,3.680985],[-67.452095,3.679467],[-67.449291,3.676348],[-67.448815,3.673798],[-67.449885,3.668046],[-67.452975,3.663421],[-67.454401,3.657016],[-67.453391,3.653458],[-67.450954,3.649426],[-67.449528,3.648537],[-67.448221,3.646165],[-67.445607,3.64486],[-67.444537,3.643437],[-67.44222,3.638752],[-67.44115,3.634779],[-67.443468,3.628019],[-67.443408,3.624935],[-67.445012,3.616633],[-67.446082,3.614676],[-67.44941,3.611474],[-67.449588,3.609991],[-67.448696,3.604654],[-67.449291,3.604239],[-67.44727,3.600977],[-67.446914,3.595581],[-67.445428,3.591963],[-67.44525,3.585973],[-67.444478,3.583601],[-67.437704,3.580695],[-67.432178,3.575121],[-67.431286,3.571325],[-67.432118,3.56492],[-67.431168,3.562014],[-67.428672,3.557922],[-67.426236,3.555609],[-67.426117,3.554127],[-67.418571,3.546832],[-67.412688,3.538707],[-67.41043,3.530345],[-67.410608,3.523465],[-67.408766,3.51967],[-67.409182,3.512019],[-67.40841,3.511011],[-67.40841,3.499683],[-67.405676,3.487465],[-67.404547,3.486397],[-67.40324,3.48189],[-67.401042,3.477679],[-67.400863,3.475781],[-67.396704,3.471866],[-67.39611,3.472281],[-67.394565,3.470561],[-67.392663,3.46985],[-67.388385,3.469079],[-67.384701,3.469494],[-67.379769,3.468308],[-67.377511,3.468723],[-67.37561,3.467477],[-67.370559,3.466232],[-67.359091,3.457869],[-67.354991,3.45603],[-67.344771,3.453242],[-67.341087,3.451107],[-67.338235,3.447845],[-67.33467,3.440075],[-67.330391,3.422874],[-67.323855,3.413918],[-67.320349,3.407334],[-67.317973,3.399445],[-67.313338,3.391971],[-67.313635,3.384319],[-67.312209,3.37643],[-67.315893,3.371804],[-67.32338,3.367414],[-67.326173,3.364448],[-67.327718,3.360711],[-67.326291,3.357805],[-67.326945,3.354601],[-67.334194,3.342856],[-67.334967,3.33989],[-67.334373,3.337577],[-67.335026,3.334967],[-67.339839,3.330459],[-67.345009,3.3234],[-67.352199,3.317468],[-67.355229,3.311773],[-67.356952,3.310112],[-67.365211,3.306612],[-67.371926,3.304892],[-67.37561,3.302341],[-67.382206,3.294214],[-67.382859,3.286087],[-67.382206,3.279798],[-67.385117,3.264078],[-67.384523,3.259332],[-67.382087,3.253281],[-67.382342,3.248472],[-67.434853,3.248472],[-67.516406,3.174741]]}},{"type":"Feature","properties":{"DIVIPOLA":"94887"},"geometry":{"type":"LineString","coordinates":[[-68.216514,1.964805],[-68.21798,1.962292],[-68.220043,1.961352],[-68.221347,1.95974],[-68.222078,1.954951],[-68.228448,1.94893],[-68.231684,1.944323],[-68.23157,1.941296],[-68.232808,1.937946],[-68.231913,1.93372],[-68.23508,1.931843],[-68.238512,1.932269],[-68.239679,1.929818],[-68.243594,1.926921],[-68.243689,1.925969],[-68.244903,1.924993],[-68.245545,1.919318],[-68.244379,1.918902],[-68.244296,1.917522],[-68.243511,1.917653],[-68.242654,1.915678],[-68.243213,1.914571],[-68.245033,1.914084],[-68.246829,1.909665],[-68.246215,1.905781],[-68.246943,1.903626],[-68.246957,1.899842],[-68.246401,1.898929],[-68.249027,1.896958],[-68.249456,1.895402],[-68.251145,1.894687],[-68.250679,1.891911],[-68.249807,1.891297],[-68.2506,1.890763],[-68.250641,1.89012],[-68.249979,1.890191],[-68.250457,1.888402],[-68.249765,1.88854],[-68.253111,1.885808],[-68.252725,1.885294],[-68.253539,1.88458],[-68.252925,1.884738],[-68.252697,1.883895],[-68.253468,1.882325],[-68.253054,1.881768],[-68.253739,1.881739],[-68.252868,1.880554],[-68.253039,1.878784],[-68.254196,1.877185],[-68.255438,1.877442],[-68.259992,1.874687],[-68.261263,1.870404],[-68.262134,1.870918],[-68.264289,1.869647],[-68.263361,1.868362],[-68.264789,1.865721],[-68.265874,1.86525],[-68.267801,1.866049],[-68.269443,1.865778],[-68.269757,1.864236],[-68.268615,1.862623],[-68.269727,1.86143],[-68.269751,1.858361],[-68.271488,1.857266],[-68.27401,1.858146],[-68.272463,1.854078],[-68.273082,1.852031],[-68.275985,1.851127],[-68.278364,1.848986],[-68.284527,1.846106],[-68.284789,1.844488],[-68.283599,1.844322],[-68.281243,1.845012],[-68.278911,1.84713],[-68.276318,1.847225],[-68.272178,1.844274],[-68.278393,1.838701],[-68.284922,1.835561],[-68.284484,1.829241],[-68.283856,1.828156],[-68.281553,1.828879],[-68.281324,1.830611],[-68.282428,1.833067],[-68.280848,1.834457],[-68.276318,1.832039],[-68.273367,1.827299],[-68.2739,1.82372],[-68.275423,1.820675],[-68.2747,1.819209],[-68.267124,1.820694],[-68.257987,1.824196],[-68.254903,1.823397],[-68.251762,1.82452],[-68.246717,1.824939],[-68.24114,1.822407],[-68.235924,1.821455],[-68.230613,1.827718],[-68.228653,1.82905],[-68.22654,1.829374],[-68.225968,1.827927],[-68.227415,1.822198],[-68.232098,1.818124],[-68.232022,1.812851],[-68.236819,1.809425],[-68.238094,1.807426],[-68.238627,1.802001],[-68.239979,1.797546],[-68.241749,1.794444],[-68.242149,1.790351],[-68.244205,1.786582],[-68.244186,1.78346],[-68.24251,1.782565],[-68.241064,1.780338],[-68.241102,1.777997],[-68.23897,1.770763],[-68.238494,1.77004],[-68.236,1.771848],[-68.236419,1.777083],[-68.23225,1.779443],[-68.230594,1.781157],[-68.22909,1.781442],[-68.228329,1.780871],[-68.22791,1.775922],[-68.226292,1.773961],[-68.219972,1.771677],[-68.215689,1.771943],[-68.212739,1.773009],[-68.209655,1.779139],[-68.205448,1.782565],[-68.202269,1.781823],[-68.19791,1.779443],[-68.192104,1.780471],[-68.190296,1.778625],[-68.189801,1.776226],[-68.188087,1.773542],[-68.184337,1.77042],[-68.177808,1.767394],[-68.177351,1.7653],[-68.178474,1.763682],[-68.183081,1.76233],[-68.183881,1.761112],[-68.183348,1.757324],[-68.188601,1.756315],[-68.187669,1.750966],[-68.192637,1.73747],[-68.189096,1.735756],[-68.186622,1.731188],[-68.185168,1.730153],[-68.184133,1.730998],[-68.184026,1.733008],[-68.182991,1.734186],[-68.177565,1.732925],[-68.175817,1.735316],[-68.175591,1.738326],[-68.174234,1.741872],[-68.173497,1.742907],[-68.171046,1.743906],[-68.167881,1.742419],[-68.166608,1.740242],[-68.166632,1.733282],[-68.162888,1.727786],[-69.392048,1.726745],[-69.390634,1.72844],[-69.390872,1.729671],[-69.39187,1.730289],[-69.395388,1.730146],[-69.402851,1.732047],[-69.405418,1.731572],[-69.405465,1.736513],[-69.406891,1.739364],[-69.406986,1.74155],[-69.40865,1.741597],[-69.409648,1.739601],[-69.411455,1.74155],[-69.413974,1.740979],[-69.417349,1.741882],[-69.419964,1.740124],[-69.421342,1.737321],[-69.422388,1.737463],[-69.423006,1.738984],[-69.422055,1.743973],[-69.422626,1.745493],[-69.424527,1.745826],[-69.42524,1.745208],[-69.424099,1.742832],[-69.42467,1.740124],[-69.427522,1.739316],[-69.428187,1.744068],[-69.430612,1.744828],[-69.431753,1.743545],[-69.432133,1.738841],[-69.433179,1.739506],[-69.434082,1.742167],[-69.436744,1.744068],[-69.437124,1.745541],[-69.436078,1.749104],[-69.437314,1.749817],[-69.440071,1.749532],[-69.44183,1.748249],[-69.442401,1.746301],[-69.44126,1.74421],[-69.441688,1.743498],[-69.444635,1.743545],[-69.446869,1.742737],[-69.447725,1.743878],[-69.447249,1.745446],[-69.447867,1.746253],[-69.452954,1.746158],[-69.454855,1.747726],[-69.455188,1.748629],[-69.454047,1.751147],[-69.454665,1.752763],[-69.456091,1.752905],[-69.459561,1.750387],[-69.465028,1.749057],[-69.464362,1.75148],[-69.461558,1.751955],[-69.460892,1.753666],[-69.461035,1.754283],[-69.464695,1.754663],[-69.465265,1.756421],[-69.466359,1.757277],[-69.467975,1.756374],[-69.467357,1.754331],[-69.467975,1.75262],[-69.47097,1.749912],[-69.470114,1.746681],[-69.473109,1.745731],[-69.474678,1.743925],[-69.476056,1.743545],[-69.476436,1.744495],[-69.474535,1.748962],[-69.475533,1.749722],[-69.476674,1.749532],[-69.478053,1.746966],[-69.478671,1.746919],[-69.481998,1.750435],[-69.482236,1.751527],[-69.480715,1.754616],[-69.481333,1.757894],[-69.482426,1.759272],[-69.483234,1.759415],[-69.483995,1.758559],[-69.482569,1.755899],[-69.487132,1.752668],[-69.488701,1.754616],[-69.491505,1.756136],[-69.491363,1.756992],[-69.489699,1.757942],[-69.489984,1.759652],[-69.49122,1.7597],[-69.493312,1.757752],[-69.495403,1.76122],[-69.496782,1.761268],[-69.499254,1.759035],[-69.501298,1.758417],[-69.502629,1.762551],[-69.504625,1.764166],[-69.506337,1.763548],[-69.505766,1.75932],[-69.506764,1.758512],[-69.508,1.758797],[-69.512088,1.76122],[-69.512183,1.76198],[-69.509712,1.761933],[-69.509046,1.762931],[-69.5138,1.767254],[-69.513847,1.76868],[-69.512374,1.770343],[-69.512659,1.771246],[-69.514132,1.771768],[-69.516699,1.771721],[-69.518173,1.769725],[-69.519694,1.770153],[-69.521548,1.768917],[-69.526967,1.769535],[-69.528536,1.767777],[-69.527823,1.763833],[-69.534193,1.763976],[-69.534002,1.765211],[-69.531245,1.767635],[-69.530627,1.771198],[-69.534288,1.777137],[-69.541133,1.775569],[-69.544698,1.775759],[-69.54717,1.776757],[-69.548929,1.773574],[-69.552874,1.774666],[-69.553445,1.773146],[-69.552351,1.77058],[-69.553254,1.769963],[-69.554063,1.773004],[-69.554966,1.773479],[-69.555679,1.773336],[-69.556249,1.771151],[-69.557865,1.772386],[-69.559292,1.772196],[-69.560052,1.769773],[-69.562572,1.768727],[-69.563285,1.767587],[-69.560147,1.765306],[-69.562476,1.764594],[-69.564283,1.761885],[-69.564616,1.764879],[-69.569322,1.764261],[-69.57032,1.763121],[-69.57013,1.76217],[-69.566897,1.760983],[-69.566184,1.759035],[-69.568941,1.759842],[-69.571413,1.756611],[-69.571794,1.757134],[-69.570938,1.75913],[-69.572221,1.759842],[-69.575454,1.756801],[-69.577118,1.758417],[-69.578591,1.758417],[-69.578971,1.757277],[-69.578163,1.755899],[-69.578686,1.755471],[-69.580255,1.757799],[-69.58325,1.760317],[-69.584295,1.760365],[-69.585056,1.757799],[-69.585104,1.753333],[-69.587148,1.752525],[-69.587908,1.753523],[-69.586387,1.754948],[-69.586197,1.756089],[-69.588764,1.758512],[-69.590285,1.758702],[-69.590665,1.757704],[-69.589572,1.756374],[-69.589905,1.753856],[-69.594753,1.75224],[-69.597558,1.749817],[-69.598081,1.748914],[-69.597701,1.746538],[-69.598271,1.746016],[-69.599554,1.749009],[-69.601218,1.747536],[-69.604308,1.747584],[-69.603975,1.74478],[-69.601503,1.743593],[-69.601408,1.742547],[-69.603785,1.740172],[-69.604783,1.740172],[-69.605972,1.741787],[-69.607065,1.742072],[-69.611153,1.738746],[-69.613435,1.739031],[-69.613197,1.73637],[-69.61662,1.735753],[-69.617523,1.729909],[-69.618997,1.729576],[-69.620185,1.730431],[-69.619377,1.73409],[-69.6199,1.73618],[-69.622467,1.73599],[-69.625319,1.731049],[-69.624416,1.729814],[-69.622039,1.729433],[-69.621991,1.727723],[-69.626888,1.726963],[-69.628314,1.724017],[-69.629597,1.723399],[-69.631261,1.724729],[-69.635808,1.724238],[-69.639282,1.725949],[-69.638629,1.728816],[-69.639199,1.730526],[-69.643335,1.730241],[-69.645522,1.729101],[-69.64633,1.727153],[-69.641766,1.724112],[-69.647899,1.723922],[-69.652034,1.721071],[-69.654506,1.718077],[-69.657168,1.71898],[-69.658452,1.722591],[-69.662967,1.726345],[-69.664964,1.730051],[-69.667721,1.728578],[-69.668909,1.724159],[-69.671667,1.724159],[-69.676182,1.722116],[-69.674186,1.724207],[-69.674138,1.72511],[-69.676278,1.729148],[-69.676087,1.732569],[-69.676705,1.733235],[-69.677656,1.732902],[-69.677704,1.730574],[-69.678607,1.729956],[-69.683788,1.731382],[-69.685927,1.731144],[-69.687163,1.727533],[-69.68935,1.729956],[-69.691156,1.728198],[-69.692345,1.728198],[-69.693248,1.729243],[-69.696385,1.730336],[-69.698192,1.732379],[-69.701234,1.734232],[-69.704324,1.734993],[-69.707841,1.733995],[-69.710361,1.73504],[-69.712547,1.732142],[-69.715922,1.73352],[-69.718775,1.732522],[-69.719488,1.734707],[-69.721437,1.734945],[-69.722007,1.73352],[-69.720819,1.731144],[-69.723291,1.732807],[-69.726998,1.731524],[-69.732085,1.733092],[-69.738977,1.731191],[-69.73912,1.730051],[-69.736173,1.729528],[-69.736268,1.728293],[-69.737789,1.726345],[-69.745062,1.729909],[-69.746013,1.728246],[-69.748009,1.726868],[-69.748294,1.724349],[-69.751907,1.723779],[-69.752335,1.721879],[-69.754379,1.719883],[-69.754474,1.718695],[-69.751099,1.718553],[-69.750766,1.716842],[-69.748722,1.714324],[-69.74915,1.713659],[-69.751337,1.712851],[-69.752763,1.713278],[-69.75167,1.715322],[-69.75243,1.716082],[-69.754141,1.715892],[-69.754712,1.717412],[-69.755948,1.71803],[-69.756803,1.71727],[-69.757707,1.713469],[-69.759846,1.716842],[-69.761747,1.717887],[-69.76498,1.715559],[-69.764789,1.714371],[-69.763221,1.714371],[-69.765455,1.711378],[-69.770351,1.711711],[-69.771207,1.710618],[-69.771635,1.707862],[-69.775723,1.707482],[-69.776246,1.706531],[-69.775723,1.705486],[-69.77268,1.704393],[-69.773251,1.70254],[-69.773726,1.70197],[-69.774677,1.702968],[-69.777909,1.702398],[-69.77905,1.703633],[-69.780857,1.7033],[-69.781712,1.700259],[-69.779573,1.698834],[-69.782093,1.698311],[-69.782235,1.697694],[-69.780857,1.696791],[-69.780666,1.695318],[-69.782901,1.6928],[-69.783994,1.694082],[-69.787226,1.694177],[-69.785087,1.697688],[-69.785444,1.698965],[-69.786692,1.699291],[-69.789752,1.697064],[-69.790316,1.69745],[-69.789841,1.699588],[-69.790346,1.700776],[-69.797506,1.698994],[-69.798665,1.699856],[-69.799556,1.701905],[-69.803626,1.705023],[-69.80529,1.70434],[-69.805142,1.7033],[-69.80226,1.700806],[-69.804518,1.700539],[-69.806478,1.69941],[-69.809212,1.694926],[-69.814797,1.696233],[-69.813282,1.697866],[-69.813787,1.69843],[-69.815629,1.698193],[-69.81557,1.700212],[-69.816283,1.701222],[-69.81756,1.700806],[-69.818452,1.699083],[-69.821839,1.699262],[-69.822136,1.700063],[-69.820056,1.701489],[-69.818636,1.704923],[-69.820062,1.704828],[-69.820898,1.703022],[-69.823465,1.703117],[-69.822591,1.705227],[-69.822952,1.705759],[-69.825082,1.705835],[-69.827706,1.707185],[-69.827877,1.708002],[-69.825652,1.708933],[-69.828352,1.712202],[-69.831166,1.711841],[-69.83149,1.710245],[-69.834841,1.709765],[-69.836495,1.711988],[-69.836837,1.713813],[-69.838777,1.714611],[-69.83775,1.716721],[-69.839233,1.719059],[-69.840431,1.718831],[-69.840887,1.717063],[-69.843183,1.714627],[-69.845351,1.71421],[-69.845749,1.713318]]}},{"type":"Feature","properties":{"DIVIPOLA":"97001"},"geometry":{"type":"LineString","coordinates":[[-70.038647,0.566459],[-70.045554,0.563013],[-70.046433,0.56336],[-70.046467,0.562276],[-70.047079,0.259401]]}},{"type":"Feature","properties":{"DIVIPOLA":"97001"},"geometry":{"type":"LineString","coordinates":[[-69.845749,1.713318],[-69.84657,1.078013],[-69.839395,1.074984],[-69.835771,1.07142],[-69.829888,1.067914],[-69.82864,1.064766],[-69.825431,1.062568],[-69.824005,1.061974],[-69.82044,1.064172],[-69.817593,1.062629]]}},{"type":"Feature","properties":{"DIVIPOLA":"97511"},"geometry":{"type":"LineString","coordinates":[[-70.047079,0.259401],[-70.047653,-0.113889],[-70.04664,-0.116167]]}},{"type":"Feature","properties":{"DIVIPOLA":"97666"},"geometry":{"type":"LineString","coordinates":[[-70.04664,-0.116167],[-70.044657,-0.119331],[-70.042797,-0.120531],[-70.042568,-0.122049],[-70.043365,-0.123048],[-70.042523,-0.123843],[-70.046324,-0.12636],[-70.047397,-0.131295],[-70.048748,-0.133369],[-70.048015,-0.142154],[-70.050284,-0.143423],[-70.050498,-0.144672],[-70.052432,-0.146349],[-70.052628,-0.147848],[-70.055626,-0.150252],[-70.05764,-0.153852],[-70.057461,-0.154634],[-70.060273,-0.157405],[-70.061382,-0.157443],[-70.061582,-0.159142],[-70.064218,-0.160817],[-70.065308,-0.164438],[-70.064632,-0.16461],[-70.064252,-0.166513],[-70.061401,-0.167451],[-70.061156,-0.16912],[-70.059459,-0.171414],[-70.05905,-0.176449],[-70.05965,-0.177477],[-70.056842,-0.180018],[-70.057299,-0.181826],[-70.056718,-0.184006],[-70.055214,-0.184958],[-70.055547,-0.186414],[-70.054462,-0.186681],[-70.054253,-0.188556],[-70.053149,-0.189507],[-70.050941,-0.188908],[-70.050408,-0.189583],[-70.049304,-0.18926],[-70.049456,-0.189879],[-70.047276,-0.191144],[-70.039929,-0.192011],[-70.038412,-0.196139],[-70.037175,-0.195961],[-70.036497,-0.196853],[-70.035819,-0.19583],[-70.034212,-0.198578],[-70.033463,-0.198782],[-70.033321,-0.200424],[-70.03106,-0.20153],[-70.029989,-0.203172],[-70.028942,-0.202779],[-70.028407,-0.205361],[-70.025909,-0.20805],[-70.024374,-0.208098],[-70.024267,-0.20874],[-70.021911,-0.209418],[-70.01764,-0.208776],[-70.015594,-0.211988],[-70.016307,-0.212452],[-70.010061,-0.215831],[-70.009526,-0.215426],[-70.003958,-0.220352],[-70.000698,-0.22122],[-69.999032,-0.224956],[-69.998057,-0.225491],[-69.99839,-0.226134],[-69.997414,-0.225658],[-69.996213,-0.22661],[-69.996736,-0.227407],[-69.996368,-0.228965],[-69.996974,-0.229239],[-69.994903,-0.229854],[-69.993535,-0.232376],[-69.993927,-0.233685],[-69.993023,-0.234411],[-69.993451,-0.23472],[-69.992856,-0.235886],[-69.994058,-0.236529],[-69.992571,-0.2371],[-69.994022,-0.237683],[-69.993582,-0.238492],[-69.99457,-0.239206],[-69.993701,-0.241668],[-69.993166,-0.241407],[-69.989109,-0.244167],[-69.988514,-0.244274],[-69.987967,-0.243155],[-69.987312,-0.244238],[-69.984683,-0.244333],[-69.983196,-0.245273],[-69.98172,-0.247296],[-69.982411,-0.247438],[-69.981828,-0.248854],[-69.980852,-0.248842],[-69.980971,-0.249747],[-69.979282,-0.251127],[-69.979805,-0.251733],[-69.97852,-0.252043],[-69.97858,-0.253554],[-69.977866,-0.253589],[-69.978603,-0.255077],[-69.978032,-0.257313],[-69.976462,-0.258872],[-69.976581,-0.259871],[-69.97488,-0.26256],[-69.972798,-0.264356],[-69.972179,-0.263904],[-69.971715,-0.265665],[-69.970668,-0.266308],[-69.970858,-0.267462],[-69.970121,-0.267236],[-69.969526,-0.268306],[-69.968717,-0.267783],[-69.9688,-0.268616],[-69.967789,-0.268747],[-69.966266,-0.270745],[-69.965278,-0.27065],[-69.965445,-0.26996],[-69.964469,-0.270567],[-69.96372,-0.270186],[-69.962673,-0.272113],[-69.963601,-0.272363],[-69.963387,-0.273351],[-69.961031,-0.274303],[-69.9609,-0.275159],[-69.960484,-0.274731],[-69.959425,-0.275361],[-69.959461,-0.276159],[-69.95557,-0.276563],[-69.954535,-0.277015],[-69.954297,-0.278169],[-69.953679,-0.277408],[-69.952227,-0.278241],[-69.952441,-0.2778],[-69.951311,-0.277408],[-69.951263,-0.279323],[-69.95024,-0.279466],[-69.952382,-0.282048],[-69.952275,-0.282678],[-69.951585,-0.2825],[-69.951882,-0.284284],[-69.950918,-0.284284],[-69.948908,-0.286747],[-69.949027,-0.288329],[-69.948206,-0.28852],[-69.94911,-0.289674],[-69.948158,-0.28946],[-69.947956,-0.290935],[-69.945612,-0.293207],[-69.94234,-0.294314],[-69.941341,-0.293707],[-69.941186,-0.294433],[-69.939866,-0.292815],[-69.937689,-0.293433],[-69.937463,-0.292803],[-69.93569,-0.293802],[-69.935571,-0.297086],[-69.936725,-0.297824],[-69.936297,-0.299132],[-69.936784,-0.300155],[-69.935154,-0.304474],[-69.93475,-0.304986],[-69.933703,-0.304153],[-69.932597,-0.305366],[-69.93237,-0.30677],[-69.933655,-0.306568],[-69.933061,-0.308686],[-69.932704,-0.307746],[-69.931942,-0.307912],[-69.93193,-0.3089],[-69.930277,-0.311041],[-69.930003,-0.309959],[-69.929372,-0.310125],[-69.929503,-0.312529],[-69.927838,-0.313802],[-69.929289,-0.315991],[-69.928004,-0.31674],[-69.925779,-0.316383],[-69.926231,-0.317299],[-69.925613,-0.317585],[-69.924685,-0.3163],[-69.923793,-0.316871],[-69.924221,-0.318144],[-69.923269,-0.31837],[-69.923198,-0.320428],[-69.92173,-0.32115],[-69.922718,-0.322232],[-69.921837,-0.32253],[-69.920624,-0.325659],[-69.91853,-0.326289],[-69.918375,-0.327003],[-69.9169,-0.326456],[-69.917066,-0.327765],[-69.915734,-0.326016],[-69.913414,-0.328252],[-69.912855,-0.328074],[-69.911796,-0.330465],[-69.909416,-0.330358],[-69.909321,-0.331286],[-69.907382,-0.331833],[-69.908155,-0.333023],[-69.90574,-0.333713],[-69.906061,-0.334594],[-69.904539,-0.335379],[-69.903135,-0.334534],[-69.901648,-0.336045],[-69.901326,-0.33758],[-69.898756,-0.336985],[-69.897971,-0.337818],[-69.897602,-0.336473],[-69.895746,-0.337532],[-69.89552,-0.339174],[-69.893641,-0.338984],[-69.893748,-0.33802],[-69.891582,-0.339103],[-69.890678,-0.340483],[-69.889596,-0.34078],[-69.889833,-0.341768],[-69.888323,-0.341399],[-69.887442,-0.339817],[-69.887609,-0.339055],[-69.888787,-0.338912],[-69.886609,-0.337485],[-69.887073,-0.335664],[-69.886205,-0.335426],[-69.884849,-0.336604],[-69.884515,-0.334296],[-69.882505,-0.333666],[-69.881422,-0.334808],[-69.880708,-0.333951],[-69.879971,-0.334237],[-69.879804,-0.335534],[-69.88116,-0.3362],[-69.877924,-0.337425],[-69.875212,-0.336807],[-69.875045,-0.338234],[-69.87357,-0.33915],[-69.870024,-0.339091],[-69.869442,-0.339769],[-69.868787,-0.33921],[-69.868168,-0.340031],[-69.867371,-0.339138],[-69.866562,-0.339971],[-69.866562,-0.338734],[-69.865753,-0.339591],[-69.864397,-0.338686],[-69.863219,-0.339817],[-69.862803,-0.33827],[-69.861197,-0.339376],[-69.859793,-0.337806],[-69.859043,-0.340281],[-69.857378,-0.339234],[-69.856557,-0.339269],[-69.856295,-0.340173],[-69.85551,-0.338793],[-69.854261,-0.339757],[-69.854189,-0.337699],[-69.853321,-0.338353],[-69.852631,-0.337877],[-69.852107,-0.339472],[-69.851274,-0.33821],[-69.849204,-0.338246],[-69.849002,-0.336592],[-69.847253,-0.337806],[-69.844897,-0.33689],[-69.843862,-0.338127],[-69.844279,-0.339055],[-69.843172,-0.339769],[-69.842637,-0.342101],[-69.84115,-0.34272],[-69.841162,-0.341387],[-69.840055,-0.342208],[-69.839496,-0.341066],[-69.838687,-0.342006],[-69.83908,-0.342505],[-69.837581,-0.342386],[-69.836641,-0.344885],[-69.837664,-0.34586],[-69.836653,-0.346539],[-69.837747,-0.347681],[-69.835082,-0.349049],[-69.836212,-0.350477],[-69.835177,-0.350738],[-69.833785,-0.354081],[-69.832667,-0.353427],[-69.832358,-0.356211],[-69.833119,-0.356401],[-69.831775,-0.357472],[-69.832262,-0.358424],[-69.830038,-0.359935],[-69.830585,-0.361053],[-69.829812,-0.361981],[-69.828991,-0.361898],[-69.828574,-0.366098],[-69.829776,-0.366895],[-69.828979,-0.368037],[-69.830395,-0.370167],[-69.830264,-0.373022],[-69.828177,-0.374078],[-69.825631,-0.372829],[-69.824393,-0.373115],[-69.824167,-0.374067],[-69.821312,-0.372675],[-69.819956,-0.372567],[-69.819337,-0.373246],[-69.817219,-0.372675],[-69.815946,-0.371259],[-69.813805,-0.373365],[-69.811497,-0.371842],[-69.810783,-0.373162],[-69.80738,-0.374995],[-69.801705,-0.381122],[-69.799921,-0.380753],[-69.797065,-0.382526],[-69.791676,-0.38343],[-69.791842,-0.384679],[-69.79371,-0.385869],[-69.793734,-0.387439],[-69.790593,-0.390842],[-69.790153,-0.39221],[-69.787928,-0.392031],[-69.785418,-0.394363],[-69.784621,-0.392769],[-69.783621,-0.392745],[-69.7801,-0.395256],[-69.779005,-0.393578],[-69.777887,-0.393185],[-69.77891,-0.391817],[-69.778505,-0.391199],[-69.775436,-0.391139],[-69.774924,-0.392531],[-69.774532,-0.390901],[-69.773663,-0.390996],[-69.773068,-0.393685],[-69.775031,-0.39403],[-69.77402,-0.394875],[-69.771438,-0.39403],[-69.770832,-0.395648],[-69.771807,-0.39729],[-69.769523,-0.397171],[-69.76775,-0.399646],[-69.766216,-0.400026],[-69.765537,-0.403251],[-69.764003,-0.40406],[-69.763777,-0.402216],[-69.760874,-0.402549],[-69.760778,-0.40356],[-69.759351,-0.403667],[-69.759636,-0.404928],[-69.757376,-0.406689],[-69.756055,-0.405678],[-69.755365,-0.407938],[-69.753271,-0.408057],[-69.75527,-0.41121],[-69.754247,-0.412304],[-69.754687,-0.413685],[-69.752962,-0.410996],[-69.752153,-0.410841],[-69.751725,-0.412055],[-69.752486,-0.414327],[-69.750642,-0.414006],[-69.75082,-0.415636],[-69.748619,-0.414339],[-69.749167,-0.417468],[-69.748132,-0.419205],[-69.749345,-0.420192],[-69.746169,-0.419943],[-69.746728,-0.421561],[-69.746204,-0.422167],[-69.745383,-0.419919],[-69.74436,-0.419526],[-69.744027,-0.424737],[-69.742683,-0.42168],[-69.741326,-0.421525],[-69.740613,-0.424202],[-69.741707,-0.425165],[-69.740934,-0.426319],[-69.742754,-0.427747],[-69.739268,-0.429686],[-69.740184,-0.432113],[-69.739804,-0.433743],[-69.739102,-0.433458],[-69.738971,-0.431804],[-69.738162,-0.431661],[-69.737507,-0.432744],[-69.738114,-0.434279],[-69.736401,-0.436944],[-69.735128,-0.436563],[-69.733379,-0.437979],[-69.73232,-0.43686],[-69.73094,-0.437182],[-69.730988,-0.439311],[-69.72931,-0.439323],[-69.728834,-0.440715],[-69.727299,-0.440287],[-69.727942,-0.442869],[-69.725432,-0.441703],[-69.725777,-0.443416],[-69.724385,-0.44438],[-69.725027,-0.445034],[-69.726586,-0.444796],[-69.726657,-0.445391],[-69.723373,-0.445284],[-69.724063,-0.443464],[-69.721993,-0.441643],[-69.721446,-0.443],[-69.72166,-0.446985],[-69.720268,-0.443487],[-69.719364,-0.442869],[-69.718948,-0.446604],[-69.719864,-0.448841],[-69.716425,-0.447639],[-69.714546,-0.450388],[-69.712404,-0.449376],[-69.713487,-0.448211],[-69.71288,-0.44758],[-69.711167,-0.447889],[-69.710726,-0.448639],[-69.711607,-0.450459],[-69.710025,-0.451423],[-69.709239,-0.453767],[-69.705837,-0.4499],[-69.704373,-0.452613],[-69.704647,-0.454135],[-69.701221,-0.452815],[-69.699269,-0.453398],[-69.700197,-0.45109],[-69.696497,-0.450281],[-69.697164,-0.454659],[-69.695902,-0.454504],[-69.694903,-0.452827],[-69.693345,-0.452529],[-69.692845,-0.454159],[-69.693701,-0.455159],[-69.691155,-0.455313],[-69.689371,-0.457241],[-69.686837,-0.457764],[-69.683172,-0.46106],[-69.680757,-0.460132],[-69.680614,-0.462023],[-69.681947,-0.462856],[-69.682113,-0.463867],[-69.679556,-0.464617],[-69.679294,-0.466556],[-69.677807,-0.464486],[-69.676343,-0.463808],[-69.675403,-0.464141],[-69.675165,-0.466021],[-69.674571,-0.465878],[-69.674725,-0.463713],[-69.673643,-0.463213],[-69.672964,-0.463879],[-69.673381,-0.465961],[-69.672869,-0.466628],[-69.671061,-0.465997],[-69.670038,-0.46752],[-69.668812,-0.464986],[-69.667706,-0.4652],[-69.667028,-0.466354],[-69.665921,-0.466068],[-69.66704,-0.464343],[-69.666112,-0.464117],[-69.664791,-0.466021],[-69.66585,-0.467651],[-69.664648,-0.468269],[-69.664244,-0.469709],[-69.663304,-0.469269],[-69.663399,-0.466544],[-69.661876,-0.46633],[-69.661329,-0.468626],[-69.658474,-0.469994],[-69.658045,-0.47172],[-69.657224,-0.471791],[-69.656534,-0.470292],[-69.655333,-0.470316],[-69.655047,-0.47191],[-69.655678,-0.473421],[-69.653489,-0.473742],[-69.653096,-0.475634],[-69.649919,-0.475693],[-69.647647,-0.477359],[-69.646374,-0.476954],[-69.645624,-0.477633],[-69.645601,-0.479298],[-69.642198,-0.479762],[-69.64221,-0.480809],[-69.643733,-0.481618],[-69.643876,-0.484105],[-69.643293,-0.486556],[-69.640901,-0.486306],[-69.639581,-0.487365],[-69.643031,-0.489185],[-69.641199,-0.490458],[-69.640723,-0.493301],[-69.6397,-0.491136],[-69.63738,-0.492968],[-69.636809,-0.491291],[-69.635762,-0.49085],[-69.635928,-0.492909],[-69.634274,-0.495633],[-69.632418,-0.493623],[-69.633061,-0.491767],[-69.632097,-0.491219],[-69.629587,-0.493968],[-69.627814,-0.493396],[-69.626767,-0.494348],[-69.625292,-0.494265],[-69.627338,-0.496478],[-69.623626,-0.49743],[-69.624423,-0.499797],[-69.623519,-0.499488],[-69.622567,-0.497549],[-69.619772,-0.498251],[-69.619807,-0.497418],[-69.621164,-0.496395],[-69.62039,-0.495562],[-69.617761,-0.496716],[-69.616928,-0.498988],[-69.614465,-0.497822],[-69.614061,-0.498845],[-69.614787,-0.500368],[-69.612134,-0.499393],[-69.612609,-0.498239],[-69.611753,-0.497596],[-69.610075,-0.499738],[-69.608433,-0.499976],[-69.608433,-0.501427],[-69.610956,-0.501249],[-69.611443,-0.501915],[-69.607041,-0.504806],[-69.607648,-0.505841],[-69.609683,-0.505306],[-69.609183,-0.507269],[-69.607636,-0.506781],[-69.606827,-0.508209],[-69.609671,-0.508566],[-69.608481,-0.510802],[-69.610504,-0.511516],[-69.609861,-0.513479],[-69.608005,-0.513289],[-69.607886,-0.515085],[-69.610087,-0.51455],[-69.611087,-0.517048],[-69.612931,-0.516822],[-69.613038,-0.517679],[-69.611872,-0.518321],[-69.612086,-0.519202],[-69.614584,-0.519701],[-69.61399,-0.520463],[-69.612276,-0.520606],[-69.611931,-0.521534],[-69.614965,-0.523116],[-69.613835,-0.524127],[-69.612943,-0.52289],[-69.611931,-0.523865],[-69.614049,-0.528624],[-69.612253,-0.530909],[-69.614037,-0.533883],[-69.611313,-0.53487],[-69.611158,-0.53744],[-69.608909,-0.537559],[-69.608136,-0.539784],[-69.605935,-0.539748],[-69.605519,-0.539296],[-69.606113,-0.538107],[-69.60484,-0.537785],[-69.603365,-0.539368],[-69.604115,-0.540296],[-69.604936,-0.540189],[-69.605757,-0.5412],[-69.605423,-0.541628],[-69.602937,-0.541331],[-69.600153,-0.544293],[-69.598642,-0.544269],[-69.598797,-0.545078],[-69.602937,-0.547256],[-69.601509,-0.548624],[-69.600902,-0.547874],[-69.598392,-0.547494],[-69.599629,-0.551479],[-69.597083,-0.551907],[-69.597143,-0.553525],[-69.596441,-0.550623],[-69.594597,-0.550599],[-69.593835,-0.552597],[-69.592432,-0.553561],[-69.596334,-0.557345],[-69.592467,-0.55713],[-69.591634,-0.558213],[-69.593038,-0.559855],[-69.591515,-0.559855],[-69.591289,-0.560438],[-69.593467,-0.563174],[-69.592457,-0.563579],[-69.592362,-0.564697],[-69.596359,-0.565911],[-69.594337,-0.573739],[-69.594812,-0.5755],[-69.597073,-0.576761],[-69.594789,-0.577927],[-69.59505,-0.580045],[-69.597073,-0.584018],[-69.599571,-0.585969],[-69.600571,-0.588825],[-69.603616,-0.589681],[-69.602807,-0.592251],[-69.602831,-0.59544],[-69.601404,-0.595773],[-69.599524,-0.594583],[-69.597977,-0.596058],[-69.597382,-0.598271],[-69.595883,-0.598009],[-69.594313,-0.598676],[-69.593147,-0.601127],[-69.588436,-0.601959],[-69.58865,-0.604434],[-69.589958,-0.605243],[-69.590196,-0.606242],[-69.585199,-0.609574],[-69.582439,-0.614356],[-69.582796,-0.615332],[-69.586127,-0.616093],[-69.585734,-0.617388],[-69.582783,-0.618768],[-69.578882,-0.615922],[-69.579462,-0.613504],[-69.577302,-0.613638],[-69.57576,-0.616417],[-69.572467,-0.618482],[-69.572505,-0.620557],[-69.571458,-0.621195],[-69.56964,-0.620747],[-69.569032,-0.622201],[-69.569383,-0.62326],[-69.573181,-0.624279],[-69.573238,-0.625097],[-69.571572,-0.626563],[-69.572238,-0.628247],[-69.573333,-0.628495],[-69.575189,-0.627524],[-69.57536,-0.628352],[-69.573752,-0.631084],[-69.570982,-0.632454],[-69.567565,-0.629989],[-69.564177,-0.63431],[-69.562559,-0.634643],[-69.561854,-0.635938],[-69.563387,-0.637623],[-69.563577,-0.640297],[-69.565776,-0.64222],[-69.569973,-0.642229],[-69.571163,-0.644875],[-69.572734,-0.646302],[-69.571534,-0.648568],[-69.571939,-0.649729],[-69.575217,-0.650091],[-69.573514,-0.652109],[-69.574104,-0.657087],[-69.57526,-0.658096],[-69.577245,-0.658362],[-69.577502,-0.65922],[-69.575931,-0.660275],[-69.573066,-0.659009],[-69.573039,-0.660936],[-69.575779,-0.662207],[-69.578453,-0.661788],[-69.580186,-0.660123],[-69.581461,-0.660941],[-69.580014,-0.665872],[-69.579063,-0.666014],[-69.578282,-0.66491],[-69.576731,-0.664472],[-69.575608,-0.666414],[-69.578396,-0.669622],[-69.578472,-0.671601],[-69.579339,-0.672306],[-69.580138,-0.67242],[-69.582538,-0.670402],[-69.584764,-0.671021],[-69.584942,-0.672857],[-69.582965,-0.674913],[-69.582906,-0.678635],[-69.58208,-0.679948],[-69.583003,-0.680929],[-69.587867,-0.681595],[-69.590484,-0.684222],[-69.59155,-0.686639],[-69.593063,-0.686468],[-69.594158,-0.684974],[-69.594853,-0.685259],[-69.594815,-0.687096],[-69.591588,-0.689124],[-69.592672,-0.691305],[-69.595624,-0.690332],[-69.59766,-0.687363],[-69.599054,-0.687881],[-69.598831,-0.691455],[-69.596594,-0.691551],[-69.595514,-0.693429],[-69.596728,-0.694949],[-69.598603,-0.695567],[-69.601763,-0.694987],[-69.602315,-0.695836],[-69.602134,-0.697642],[-69.598679,-0.697309],[-69.597851,-0.698413],[-69.598631,-0.699812],[-69.602039,-0.701278],[-69.599573,-0.704257],[-69.600354,-0.706027],[-69.602688,-0.70782],[-69.60123,-0.711748],[-69.601915,-0.712423],[-69.603247,-0.712281],[-69.60577,-0.709416],[-69.607607,-0.709987],[-69.608312,-0.711014],[-69.607607,-0.712547],[-69.603466,-0.713889],[-69.60299,-0.715022],[-69.605608,-0.720609],[-69.607464,-0.721541],[-69.608634,-0.721037],[-69.609377,-0.717591],[-69.610167,-0.716935],[-69.615782,-0.71802],[-69.61564,-0.719181],[-69.612632,-0.720418],[-69.610329,-0.723264],[-69.60794,-0.723483],[-69.607702,-0.72548],[-69.608949,-0.726538],[-69.61504,-0.726529],[-69.616591,-0.727109],[-69.617913,-0.728511],[-69.618038,-0.731564],[-69.618828,-0.732154],[-69.621017,-0.731278],[-69.621688,-0.727626],[-69.623492,-0.728537],[-69.623616,-0.730288],[-69.621769,-0.733267],[-69.623616,-0.73598],[-69.620979,-0.736799],[-69.617562,-0.735085],[-69.615973,-0.736608],[-69.621731,-0.740273],[-69.624691,-0.74348],[-69.625129,-0.745631],[-69.624701,-0.746535],[-69.622778,-0.746507],[-69.621017,-0.743632],[-69.618961,-0.742376],[-69.617638,-0.742661],[-69.61503,-0.745393],[-69.61643,-0.74959],[-69.61544,-0.752132],[-69.615649,-0.753731],[-69.616629,-0.754797],[-69.619294,-0.755758],[-69.618114,-0.75671],[-69.61583,-0.756339],[-69.613194,-0.753997],[-69.611223,-0.754283],[-69.609929,-0.756215],[-69.608082,-0.753521],[-69.606445,-0.753988],[-69.605941,-0.754978],[-69.606369,-0.756708],[-69.60774,-0.757852],[-69.609777,-0.757985],[-69.609434,-0.761907],[-69.612014,-0.76457],[-69.609824,-0.76638],[-69.606864,-0.766884],[-69.606017,-0.769683],[-69.604456,-0.766656],[-69.603343,-0.766618],[-69.60261,-0.767541],[-69.602815,-0.770297],[-69.602248,-0.771244],[-69.600011,-0.772005],[-69.600287,-0.773509],[-69.60226,-0.774904],[-69.601391,-0.777678],[-69.599383,-0.779267],[-69.598022,-0.777325],[-69.596452,-0.778011],[-69.59807,-0.783341],[-69.59989,-0.783343],[-69.601734,-0.782113],[-69.600763,-0.784178],[-69.595081,-0.784159],[-69.593111,-0.781456],[-69.589856,-0.782884],[-69.589028,-0.782751],[-69.587629,-0.780904],[-69.586182,-0.781171],[-69.585607,-0.782619],[-69.586505,-0.785701],[-69.584878,-0.786129],[-69.584421,-0.787786],[-69.585982,-0.788528],[-69.58819,-0.788005],[-69.588756,-0.78873],[-69.58661,-0.791412],[-69.586401,-0.793201],[-69.58404,-0.793344],[-69.583317,-0.794134],[-69.583193,-0.799692],[-69.580861,-0.799217],[-69.578653,-0.797703],[-69.578082,-0.799702],[-69.58009,-0.801425],[-69.578568,-0.802272],[-69.577159,-0.800968],[-69.576655,-0.798189],[-69.574513,-0.797998],[-69.573999,-0.799683],[-69.575075,-0.801901],[-69.574646,-0.805984],[-69.575379,-0.808496],[-69.57378,-0.809248],[-69.569602,-0.808487],[-69.569307,-0.80763],[-69.570677,-0.805831],[-69.57063,-0.804347],[-69.570049,-0.803547],[-69.568212,-0.803823],[-69.564462,-0.805936],[-69.56352,-0.80783],[-69.564643,-0.810086],[-69.55977,-0.814141],[-69.558104,-0.818776],[-69.559941,-0.821212],[-69.56175,-0.826181],[-69.566219,-0.829899],[-69.567641,-0.832044],[-69.569259,-0.832586],[-69.572662,-0.832055],[-69.572352,-0.834709],[-69.573009,-0.83804],[-69.570087,-0.839487],[-69.567032,-0.844683],[-69.564357,-0.846206],[-69.562016,-0.846244],[-69.558637,-0.843884],[-69.556258,-0.844331],[-69.556505,-0.848576],[-69.55581,-0.850994],[-69.554668,-0.85166],[-69.551175,-0.850013],[-69.548967,-0.850461],[-69.547597,-0.852507],[-69.54792,-0.854201],[-69.549319,-0.855829],[-69.546588,-0.858284],[-69.545112,-0.861282],[-69.543675,-0.861463],[-69.541172,-0.858018],[-69.538764,-0.857999],[-69.537489,-0.859541],[-69.538339,-0.862238],[-69.535994,-0.866232],[-69.534471,-0.863938],[-69.535775,-0.859188],[-69.534738,-0.858132],[-69.533434,-0.858122],[-69.530617,-0.861416],[-69.531416,-0.86586],[-69.531007,-0.86686],[-69.528256,-0.867507],[-69.526343,-0.866993],[-69.525429,-0.86784],[-69.52523,-0.8718],[-69.526391,-0.874512],[-69.523869,-0.873646],[-69.523155,-0.874084],[-69.523088,-0.875654],[-69.52857,-0.877111],[-69.529979,-0.878643],[-69.52798,-0.880708],[-69.525115,-0.881479],[-69.523631,-0.884201],[-69.521927,-0.885439],[-69.52206,-0.88818],[-69.524811,-0.890302],[-69.521594,-0.89173],[-69.521308,-0.892663],[-69.52226,-0.893319],[-69.523754,-0.893148],[-69.526854,-0.895643],[-69.530131,-0.89371],[-69.530445,-0.895261],[-69.527276,-0.897964],[-69.521137,-0.89785],[-69.520185,-0.899373],[-69.522431,-0.902733],[-69.529389,-0.900277],[-69.531635,-0.90062],[-69.534548,-0.904589],[-69.534186,-0.905617],[-69.533006,-0.906073],[-69.530226,-0.904589],[-69.529075,-0.904903],[-69.526372,-0.908843],[-69.529227,-0.912269],[-69.528942,-0.917362],[-69.527952,-0.91878],[-69.523821,-0.919684],[-69.523278,-0.921064],[-69.524811,-0.923225],[-69.527971,-0.92351],[-69.527761,-0.924671],[-69.525972,-0.926004],[-69.524287,-0.926289],[-69.521537,-0.92431],[-69.518548,-0.924291],[-69.517282,-0.925899],[-69.518329,-0.930258],[-69.517987,-0.931172],[-69.516264,-0.931838],[-69.513018,-0.931229],[-69.51219,-0.929621],[-69.512428,-0.927136],[-69.5114,-0.926527],[-69.51002,-0.926965],[-69.509068,-0.92865],[-69.510355,-0.933309],[-69.509468,-0.934284],[-69.507955,-0.934484],[-69.507184,-0.93594],[-69.50825,-0.938891],[-69.507079,-0.939452],[-69.503167,-0.93891],[-69.50193,-0.939633],[-69.500693,-0.941727],[-69.496486,-0.943126],[-69.496057,-0.944725],[-69.496847,-0.946248],[-69.499941,-0.948066],[-69.499788,-0.948818],[-69.497723,-0.94898],[-69.496429,-0.948304],[-69.494592,-0.944583],[-69.492336,-0.94385],[-69.490528,-0.945354],[-69.490242,-0.947124],[-69.492041,-0.952197],[-69.489871,-0.951987],[-69.488291,-0.947999],[-69.485179,-0.947562],[-69.482066,-0.950779],[-69.479934,-0.951321],[-69.479373,-0.953111],[-69.480153,-0.955528],[-69.476651,-0.955852],[-69.474785,-0.959354],[-69.473956,-0.959307],[-69.472605,-0.956908],[-69.470788,-0.957079],[-69.470283,-0.958298],[-69.470664,-0.960553],[-69.469046,-0.962609],[-69.468399,-0.965027],[-69.464687,-0.965617],[-69.461841,-0.967273],[-69.461955,-0.969348],[-69.464077,-0.971804],[-69.46481,-0.975896],[-69.46304,-0.979427],[-69.464544,-0.980941],[-69.466611,-0.98081],[-69.467047,-0.981864],[-69.465239,-0.984443],[-69.464487,-0.986985],[-69.460366,-0.98746],[-69.458671,-0.988679],[-69.4591,-0.993447],[-69.458043,-0.993466],[-69.456758,-0.990087],[-69.454522,-0.990392],[-69.453779,-0.990601],[-69.451362,-0.995922],[-69.448792,-0.996255],[-69.440797,-0.990449],[-69.438217,-0.990382],[-69.435905,-0.992848],[-69.434087,-0.999339],[-69.435552,-1.002518],[-69.433973,-1.003536],[-69.432059,-1.002841],[-69.429604,-0.999367],[-69.427814,-0.999548],[-69.425958,-1.002032],[-69.424712,-1.002499],[-69.422713,-1.000643],[-69.421171,-0.997616],[-69.41981,-0.996893],[-69.418687,-0.997159],[-69.417678,-0.99951],[-69.418411,-1.004964],[-69.419715,-1.007229],[-69.425483,-1.007762],[-69.428833,-1.004259],[-69.430622,-1.004983],[-69.432193,-1.007077],[-69.431936,-1.009133],[-69.430137,-1.010551],[-69.427005,-1.011226],[-69.422408,-1.00958],[-69.419439,-1.010617],[-69.419953,-1.012464],[-69.422304,-1.014225],[-69.423941,-1.014691],[-69.426882,-1.014234],[-69.429747,-1.015824],[-69.433401,-1.014463],[-69.434477,-1.014853],[-69.434391,-1.01688],[-69.431879,-1.017765],[-69.430679,-1.019079],[-69.431288,-1.021058],[-69.433287,-1.022667],[-69.438313,-1.023552],[-69.436419,-1.027454],[-69.437447,-1.029491],[-69.438703,-1.029529],[-69.44034,-1.028406],[-69.441882,-1.023847],[-69.443938,-1.022562],[-69.444652,-1.023476],[-69.44232,-1.029663],[-69.442367,-1.033717],[-69.437922,-1.033489],[-69.435058,-1.035935],[-69.432707,-1.035107],[-69.431469,-1.035468],[-69.431193,-1.037191],[-69.433744,-1.039485],[-69.432726,-1.040741],[-69.431165,-1.039542],[-69.430641,-1.035059],[-69.430108,-1.034269],[-69.42909,-1.034355],[-69.428014,-1.037581],[-69.428804,-1.041731],[-69.427624,-1.043578],[-69.424616,-1.045957],[-69.422751,-1.0455],[-69.421266,-1.043187],[-69.419943,-1.042493],[-69.418525,-1.043054],[-69.417849,-1.044596],[-69.418506,-1.046509],[-69.422713,-1.049231],[-69.423198,-1.052058],[-69.425387,-1.055951],[-69.424797,-1.060529],[-69.426653,-1.061795],[-69.429413,-1.060329],[-69.430013,-1.061262],[-69.429718,-1.062509],[-69.426358,-1.066183],[-69.423522,-1.067525],[-69.419591,-1.067724],[-69.419515,-1.070028],[-69.421228,-1.071798],[-69.42357,-1.072598],[-69.427814,-1.070999],[-69.430755,-1.066953],[-69.431917,-1.067163],[-69.432497,-1.0692]]}},{"type":"Feature","properties":{"DIVIPOLA":"97889"},"geometry":{"type":"LineString","coordinates":[[-69.817593,1.062629],[-69.812716,1.061439],[-69.811052,1.062389],[-69.806001,1.06233],[-69.804932,1.063102],[-69.802376,1.066429],[-69.797207,1.069875],[-69.7959,1.071598],[-69.794771,1.077242],[-69.793107,1.079796],[-69.790849,1.086985],[-69.789601,1.088767],[-69.785977,1.091738],[-69.774211,1.098748],[-69.755613,1.107956],[-69.746819,1.111521],[-69.738619,1.112947],[-69.735113,1.112056],[-69.727686,1.107362],[-69.722873,1.10659],[-69.718119,1.108372],[-69.716396,1.111699],[-69.710632,1.116095],[-69.708731,1.116927],[-69.705522,1.116333],[-69.703561,1.116868],[-69.702729,1.115561],[-69.707483,1.100649],[-69.708255,1.094768],[-69.707008,1.087935],[-69.707305,1.085559],[-69.704809,1.073024],[-69.703323,1.07243],[-69.700115,1.074271],[-69.697203,1.074747],[-69.693757,1.074093],[-69.691439,1.073558],[-69.685557,1.068865],[-69.683358,1.069934],[-69.675634,1.06833],[-69.671474,1.069756],[-69.668266,1.074271],[-69.668563,1.077895],[-69.667256,1.080212],[-69.662621,1.08039],[-69.658996,1.082173],[-69.652638,1.083183],[-69.650975,1.084727],[-69.646399,1.086866],[-69.644676,1.088648],[-69.643428,1.088648],[-69.633624,1.083836],[-69.631009,1.08348],[-69.626612,1.087876],[-69.624889,1.088648],[-69.624057,1.092094],[-69.622869,1.093936],[-69.61657,1.09649],[-69.612292,1.097322],[-69.600586,1.093401],[-69.595655,1.089837],[-69.590069,1.08342],[-69.580621,1.075281],[-69.577294,1.069103],[-69.570758,1.064112],[-69.571055,1.060488],[-69.570045,1.059419],[-69.55929,1.060964],[-69.543543,1.068449],[-69.535759,1.066192],[-69.526371,1.066964],[-69.520726,1.070291],[-69.51211,1.071895],[-69.511397,1.071182],[-69.506941,1.071241],[-69.505455,1.072905],[-69.493571,1.074687],[-69.488223,1.07641],[-69.486976,1.078014],[-69.485728,1.078311],[-69.481093,1.076648],[-69.478122,1.073321],[-69.479073,1.069637],[-69.480261,1.068687],[-69.478419,1.066845],[-69.472893,1.068271],[-69.472061,1.070231],[-69.472596,1.072667],[-69.469268,1.074687],[-69.464396,1.074568],[-69.459286,1.076113],[-69.448174,1.068865],[-69.4455,1.064885],[-69.442886,1.065182],[-69.440331,1.067142],[-69.437538,1.065598],[-69.438132,1.064885],[-69.437598,1.063756],[-69.438251,1.061795],[-69.43629,1.059716],[-69.435102,1.055379],[-69.436112,1.048666],[-69.434092,1.044923],[-69.431953,1.043378],[-69.428922,1.042665],[-69.428269,1.041299],[-69.420128,1.040764],[-69.417335,1.039754],[-69.416682,1.035774],[-69.415256,1.036368],[-69.413414,1.035477],[-69.411275,1.036368],[-69.409967,1.037972],[-69.40866,1.042487],[-69.406224,1.043616],[-69.404441,1.045636],[-69.400757,1.052349],[-69.397311,1.053478],[-69.396063,1.05627],[-69.397192,1.059241],[-69.39125,1.062983],[-69.386496,1.067439],[-69.384654,1.070113],[-69.381208,1.072251],[-69.379247,1.076945],[-69.376038,1.077539],[-69.373899,1.076945],[-69.371701,1.078549],[-69.369978,1.075935],[-69.367898,1.074865],[-69.365699,1.081697],[-69.364273,1.081995],[-69.364036,1.080093],[-69.362134,1.078965],[-69.361837,1.076232],[-69.361184,1.075757],[-69.359936,1.076588],[-69.357678,1.075994],[-69.357559,1.077004],[-69.35435,1.078549],[-69.350607,1.076767],[-69.34924,1.077539],[-69.342585,1.076707],[-69.341159,1.078846],[-69.338604,1.078727],[-69.333137,1.081163],[-69.329691,1.080331],[-69.3288,1.080985],[-69.327195,1.085203],[-69.325234,1.086628],[-69.321848,1.087401],[-69.321491,1.085559],[-69.318995,1.083896],[-69.320065,1.080034],[-69.318282,1.077776],[-69.314301,1.078014],[-69.312637,1.075638],[-69.306874,1.073915],[-69.306517,1.071954],[-69.307824,1.070588],[-69.306814,1.067617],[-69.307052,1.065538],[-69.304853,1.061379],[-69.30004,1.060607],[-69.296178,1.061082],[-69.295168,1.059538],[-69.294098,1.0593],[-69.290771,1.060607],[-69.289285,1.058765],[-69.290652,1.053894],[-69.288691,1.05122],[-69.28774,1.050983],[-69.28578,1.052468],[-69.284354,1.052587],[-69.281858,1.051577],[-69.272113,1.050389],[-69.268607,1.05223],[-69.264032,1.052587],[-69.260823,1.051933],[-69.26017,1.052765],[-69.25708,1.053716],[-69.253574,1.053597],[-69.254168,1.049497],[-69.252267,1.048785],[-69.250306,1.046883],[-69.247751,1.046824],[-69.245552,1.043259],[-69.243829,1.04219],[-69.240086,1.037734],[-69.23349,1.035536],[-69.230163,1.029476],[-69.226122,1.024961],[-69.217031,1.018366],[-69.214535,1.017713],[-69.212158,1.015693],[-69.207226,1.008088],[-69.206989,1.006306],[-69.208296,1.003039],[-69.208534,1.000009],[-69.205147,0.994483],[-69.20485,0.992463],[-69.219586,0.981413],[-69.221131,0.977551],[-69.221071,0.97565],[-69.219705,0.972679],[-69.218041,0.971788],[-69.208534,0.970659],[-69.208118,0.964362],[-69.20586,0.960084],[-69.201047,0.959074],[-69.198195,0.959728],[-69.194986,0.959193],[-69.186489,0.953787],[-69.183399,0.953371],[-69.172525,0.948499],[-69.172585,0.9444],[-69.171396,0.941785],[-69.170208,0.940894],[-69.171396,0.937627],[-69.174545,0.93632],[-69.180844,0.938934],[-69.183458,0.938815],[-69.185538,0.937567],[-69.186489,0.935725],[-69.190767,0.934002],[-69.193857,0.92616],[-69.194451,0.921407],[-69.192847,0.918199],[-69.192253,0.914931],[-69.19047,0.912139],[-69.187499,0.910535],[-69.186727,0.909228],[-69.187083,0.906435],[-69.188925,0.903643],[-69.187737,0.897701],[-69.18435,0.89586],[-69.178586,0.897345],[-69.175437,0.896454],[-69.169435,0.891998],[-69.157492,0.879759],[-69.152382,0.877085],[-69.147866,0.876788],[-69.14436,0.880294],[-69.14133,0.879996],[-69.140023,0.878214],[-69.139785,0.875243],[-69.138299,0.874055],[-69.13723,0.871322],[-69.141508,0.854271],[-69.144836,0.849696],[-69.147272,0.848448],[-69.150124,0.84827],[-69.157373,0.851359],[-69.162008,0.85029],[-69.166702,0.84821],[-69.169138,0.844527],[-69.167712,0.839714],[-69.167831,0.831753],[-69.169257,0.821237],[-69.168782,0.81785],[-69.166405,0.811968],[-69.158977,0.808047],[-69.155472,0.801868],[-69.15458,0.797946],[-69.154402,0.790104],[-69.153808,0.789331],[-69.152144,0.789985],[-69.150362,0.785945],[-69.150302,0.782974],[-69.148876,0.782855],[-69.149173,0.775725],[-69.150302,0.769784],[-69.152679,0.765447],[-69.157373,0.761228],[-69.159988,0.757842],[-69.164919,0.758198],[-69.167356,0.760099],[-69.171515,0.761941],[-69.173892,0.76206],[-69.176566,0.760694],[-69.177695,0.759505],[-69.177873,0.757247],[-69.179477,0.753861],[-69.187618,0.749345],[-69.191718,0.74281],[-69.192134,0.739245],[-69.189163,0.729857],[-69.184172,0.717855],[-69.182211,0.714825],[-69.18328,0.714231],[-69.184053,0.712389],[-69.18435,0.708408],[-69.182448,0.707576],[-69.179596,0.708765],[-69.177041,0.711379],[-69.170267,0.713162],[-69.165751,0.711914],[-69.154283,0.705675],[-69.140557,0.686662],[-69.128733,0.662718],[-69.12701,0.660222],[-69.125049,0.65945],[-69.120711,0.654518],[-69.118691,0.646735],[-69.119701,0.640199],[-69.121781,0.637109],[-69.125821,0.63604],[-69.12796,0.638179],[-69.129505,0.643289],[-69.132298,0.646378],[-69.136101,0.648101],[-69.139072,0.646972],[-69.142756,0.646913],[-69.144717,0.645784],[-69.148698,0.647567],[-69.150243,0.647032],[-69.153451,0.647507],[-69.154521,0.648517],[-69.156541,0.654102],[-69.159156,0.655885],[-69.160047,0.654637],[-69.165335,0.652557],[-69.170327,0.653805],[-69.172347,0.653152],[-69.173654,0.654221],[-69.178111,0.654281],[-69.182389,0.655825],[-69.189638,0.652201],[-69.195461,0.652439],[-69.1976,0.651013],[-69.198373,0.648398],[-69.200215,0.646556],[-69.200274,0.641268],[-69.201344,0.639724],[-69.202057,0.636277],[-69.204612,0.63402],[-69.205741,0.630395],[-69.204731,0.629742],[-69.203364,0.62689],[-69.204137,0.624751],[-69.202829,0.62178],[-69.203364,0.619938],[-69.204493,0.619047],[-69.204969,0.615185],[-69.20277,0.613105],[-69.203008,0.610966],[-69.201879,0.608886],[-69.203069,0.607162],[-69.207234,0.608702],[-69.210428,0.611612],[-69.215733,0.609444],[-69.217673,0.610984],[-69.219669,0.609273],[-69.230393,0.605223],[-69.233531,0.602998],[-69.237581,0.603797],[-69.239064,0.605109],[-69.240262,0.608474],[-69.242829,0.610071],[-69.244483,0.610128],[-69.253496,0.605508],[-69.254351,0.605793],[-69.255777,0.609558],[-69.258801,0.608417],[-69.263934,0.610243],[-69.266387,0.609159],[-69.268555,0.60933],[-69.268954,0.606136],[-69.270723,0.604424],[-69.277283,0.60374],[-69.282245,0.604881],[-69.285896,0.60682],[-69.28949,0.604767],[-69.293198,0.603911],[-69.295137,0.604881],[-69.29451,0.607676],[-69.292684,0.610071],[-69.287208,0.614064],[-69.283614,0.619825],[-69.284755,0.625757],[-69.28949,0.635055],[-69.288121,0.642299],[-69.285326,0.646178],[-69.284755,0.648801],[-69.286181,0.650113],[-69.289889,0.650798],[-69.295479,0.65057],[-69.30472,0.645493],[-69.312535,0.63631],[-69.317612,0.63323],[-69.31881,0.631119],[-69.319152,0.626784],[-69.320179,0.626784],[-69.320749,0.627697],[-69.32035,0.633743],[-69.321662,0.640987],[-69.324115,0.641101],[-69.32594,0.637508],[-69.332557,0.643782],[-69.334725,0.64401],[-69.337235,0.642983],[-69.338319,0.640759],[-69.337862,0.63534],[-69.338775,0.632887],[-69.339916,0.631062],[-69.343966,0.628609],[-69.345392,0.626898],[-69.346875,0.62205],[-69.349784,0.618399],[-69.350013,0.614749],[-69.354063,0.615148],[-69.356116,0.61646],[-69.362505,0.626499],[-69.370491,0.636823],[-69.376595,0.64247],[-69.384296,0.648174],[-69.39,0.655076],[-69.395647,0.657814],[-69.400153,0.66232],[-69.40312,0.664145],[-69.403918,0.665856],[-69.403462,0.669678],[-69.405516,0.673785],[-69.405516,0.675838],[-69.409566,0.677492],[-69.412532,0.685877],[-69.415099,0.689128],[-69.419548,0.689299],[-69.422115,0.691638],[-69.430272,0.693862],[-69.434665,0.698483],[-69.436091,0.700764],[-69.436148,0.70276],[-69.434379,0.705327],[-69.432611,0.711544],[-69.432953,0.712913],[-69.440027,0.716564],[-69.442708,0.716735],[-69.446872,0.715195],[-69.455714,0.719302],[-69.456626,0.72204],[-69.459364,0.725975],[-69.458509,0.729683],[-69.459136,0.731679],[-69.463414,0.737155],[-69.469746,0.735387],[-69.473226,0.735558],[-69.474424,0.73493],[-69.476306,0.734987],[-69.479044,0.736584],[-69.483265,0.734018],[-69.484806,0.731166],[-69.487258,0.72877],[-69.500549,0.724093],[-69.501747,0.722154],[-69.503687,0.721184],[-69.504286,0.716293],[-69.506354,0.713263],[-69.514589,0.714653],[-69.517227,0.713049],[-69.520935,0.711979],[-69.524893,0.707416],[-69.53188,0.703174],[-69.53322,0.700239],[-69.533398,0.696437],[-69.531496,0.691921],[-69.531556,0.690376],[-69.533873,0.683365],[-69.535953,0.679681],[-69.547599,0.681345],[-69.552472,0.68081],[-69.559186,0.682474],[-69.562276,0.684553],[-69.564653,0.683127],[-69.566911,0.680335],[-69.56697,0.676889],[-69.56804,0.674037],[-69.572556,0.670175],[-69.574101,0.670115],[-69.580102,0.66251],[-69.581706,0.662629],[-69.582716,0.663996],[-69.583905,0.664233],[-69.585925,0.660312],[-69.590322,0.658648],[-69.593353,0.65639],[-69.597215,0.654727],[-69.598463,0.649082],[-69.592461,0.645933],[-69.588183,0.639991],[-69.590144,0.63815],[-69.597453,0.638387],[-69.601969,0.637555],[-69.604405,0.636605],[-69.607019,0.634347],[-69.608445,0.630782],[-69.60797,0.628584],[-69.606247,0.626266],[-69.607316,0.618542],[-69.605593,0.614442],[-69.6069,0.613551],[-69.608742,0.614561],[-69.61106,0.621275],[-69.616883,0.627633],[-69.618309,0.632208],[-69.619973,0.634406],[-69.623538,0.635535],[-69.626687,0.635179],[-69.627697,0.633159],[-69.627638,0.628405],[-69.630015,0.629118],[-69.633461,0.637199],[-69.635303,0.637377],[-69.637323,0.639278],[-69.637264,0.641596],[-69.638749,0.643319],[-69.639225,0.64522],[-69.639047,0.647597],[-69.642255,0.653419],[-69.642849,0.656747],[-69.644038,0.65746],[-69.64487,0.65942],[-69.643978,0.66251],[-69.646949,0.662688],[-69.650336,0.664887],[-69.65509,0.66459],[-69.656516,0.663817],[-69.664419,0.666788],[-69.66531,0.66661],[-69.66537,0.665481],[-69.667449,0.664471],[-69.669767,0.666491],[-69.669945,0.667679],[-69.671312,0.668095],[-69.684919,0.665481],[-69.687771,0.664233],[-69.688127,0.661381],[-69.686939,0.656093],[-69.687711,0.653598],[-69.691158,0.649379],[-69.692762,0.650686],[-69.69508,0.65538],[-69.698348,0.651993],[-69.700309,0.651696],[-69.701497,0.652706],[-69.703814,0.651875],[-69.707498,0.646646],[-69.709162,0.646884],[-69.710885,0.640467],[-69.712608,0.640229],[-69.714926,0.641477],[-69.715936,0.64118],[-69.716411,0.640348],[-69.71552,0.637734],[-69.716292,0.636367],[-69.715995,0.633872],[-69.718669,0.630485],[-69.717897,0.628227],[-69.718313,0.626563],[-69.721759,0.621513],[-69.723482,0.617532],[-69.723542,0.61569],[-69.727463,0.614799],[-69.730732,0.612303],[-69.736436,0.612303],[-69.738634,0.609154],[-69.739763,0.609927],[-69.740952,0.612898],[-69.74321,0.615868],[-69.745586,0.617235],[-69.746953,0.619612],[-69.74832,0.620265],[-69.750578,0.618245],[-69.750875,0.615809],[-69.753727,0.614383],[-69.75545,0.611828],[-69.761095,0.609451],[-69.762581,0.608085],[-69.762878,0.606421],[-69.762046,0.605055],[-69.762759,0.604282],[-69.767275,0.60351],[-69.771969,0.601608],[-69.774108,0.599707],[-69.778149,0.599588],[-69.779575,0.597212],[-69.782486,0.596201],[-69.785933,0.590557],[-69.787478,0.590497],[-69.788963,0.585506],[-69.794133,0.584793],[-69.795737,0.578971],[-69.802214,0.578495],[-69.803343,0.57594],[-69.80263,0.57291],[-69.803105,0.572019],[-69.804828,0.572435],[-69.808869,0.576356],[-69.811424,0.583902],[-69.813266,0.586576],[-69.821109,0.589131],[-69.822832,0.591626],[-69.826101,0.59127],[-69.828893,0.592221],[-69.830616,0.591092],[-69.83228,0.59127],[-69.833587,0.59026],[-69.83537,0.586398],[-69.837034,0.585209],[-69.839589,0.585625],[-69.843748,0.587705],[-69.849631,0.586695],[-69.850879,0.588002],[-69.852008,0.588061],[-69.856108,0.586219],[-69.858425,0.582654],[-69.858841,0.578674],[-69.860386,0.577961],[-69.865139,0.578911],[-69.867635,0.582536],[-69.869121,0.58313],[-69.877439,0.579802],[-69.879876,0.578079],[-69.884807,0.577366],[-69.88766,0.577485],[-69.889739,0.579505],[-69.891878,0.580397],[-69.893542,0.584912],[-69.894671,0.585804],[-69.896632,0.586338],[-69.897939,0.585922],[-69.899662,0.582239],[-69.902812,0.581228],[-69.909645,0.585388],[-69.910952,0.584793],[-69.912259,0.585388],[-69.915171,0.590082],[-69.916241,0.590379],[-69.917667,0.58919],[-69.917726,0.585982],[-69.914339,0.580813],[-69.915884,0.580278],[-69.917013,0.578852],[-69.919865,0.570712],[-69.922242,0.569939],[-69.923846,0.567919],[-69.92658,0.56685],[-69.929729,0.564413],[-69.929907,0.560611],[-69.931749,0.559363],[-69.933948,0.554788],[-69.936324,0.553124],[-69.938166,0.554075],[-69.941078,0.557224],[-69.944049,0.556511],[-69.946426,0.556867],[-69.947733,0.558234],[-69.956527,0.561977],[-69.960924,0.562037],[-69.96342,0.567384],[-69.963598,0.571365],[-69.96853,0.573742],[-69.969481,0.576],[-69.978453,0.578198],[-69.98493,0.574871],[-69.986237,0.57499],[-69.986891,0.576297],[-69.988495,0.57594],[-69.988673,0.571246],[-69.985821,0.571009],[-69.985881,0.568038],[-69.989268,0.569464],[-69.99212,0.573207],[-69.994972,0.575406],[-69.997111,0.575881],[-69.999963,0.574514],[-70.000795,0.572672],[-69.999904,0.570058],[-69.994497,0.567978],[-69.993546,0.565008],[-69.991942,0.562928],[-69.992952,0.561264],[-69.996457,0.559363],[-69.995685,0.555917],[-69.995685,0.550688],[-69.998418,0.548371],[-70.004717,0.544984],[-70.006083,0.545103],[-70.007391,0.547598],[-70.009292,0.54849],[-70.012798,0.545935],[-70.017908,0.544271],[-70.02076,0.545103],[-70.022365,0.547777],[-70.022365,0.551698],[-70.020701,0.555026],[-70.020879,0.55657],[-70.02593,0.561859],[-70.03413,0.56537],[-70.038647,0.566459]]}},{"type":"Feature","properties":{"DIVIPOLA":"99001"},"geometry":{"type":"LineString","coordinates":[[-68.813601,6.158433],[-68.810602,6.156677],[-68.80111,6.14468],[-68.798528,6.142467],[-68.796244,6.141634],[-68.79221,6.142455],[-68.788308,6.146714],[-68.784786,6.14788],[-68.776729,6.147473],[-68.765156,6.145406],[-68.76073,6.145762],[-68.755567,6.14769],[-68.751902,6.15045],[-68.745959,6.153196],[-68.741837,6.153163],[-68.737052,6.154228],[-68.715068,6.151426],[-68.710286,6.149094],[-68.707394,6.146625],[-68.69796,6.133413],[-68.686491,6.126536],[-68.678853,6.118066],[-68.674193,6.111104],[-68.668375,6.109489],[-68.666162,6.109977],[-68.663771,6.111548],[-68.657618,6.121491],[-68.65185,6.12546],[-68.650237,6.125817],[-68.64761,6.124918],[-68.639207,6.119459],[-68.631754,6.119003],[-68.618305,6.125893],[-68.608992,6.131898],[-68.600302,6.138762],[-68.59684,6.144901],[-68.596005,6.151655],[-68.594262,6.155272],[-68.589414,6.162148],[-68.586047,6.16379],[-68.583382,6.164532],[-68.579346,6.164418],[-68.572893,6.162685],[-68.564689,6.156404],[-68.553325,6.145096],[-68.549917,6.143802],[-68.543902,6.143345],[-68.533083,6.149813],[-68.528748,6.153737],[-68.527265,6.15391],[-68.521746,6.157398],[-68.514331,6.160163],[-68.503778,6.161156],[-68.500355,6.163991],[-68.498858,6.166473],[-68.478499,6.175047],[-68.466132,6.185939],[-68.461412,6.186986],[-68.457852,6.185977],[-68.454235,6.183293],[-68.452635,6.183169],[-68.4503,6.184124],[-68.444381,6.184195],[-68.438606,6.183132],[-68.431992,6.179975],[-68.429351,6.179433],[-68.423846,6.181147],[-68.41422,6.181572],[-68.395186,6.175578],[-68.384842,6.174075],[-68.376286,6.170301],[-68.365163,6.170159],[-68.360051,6.168625],[-68.348264,6.167323],[-68.338393,6.163657],[-68.335785,6.160801],[-68.324951,6.154078],[-68.32294,6.150782],[-68.319386,6.149104],[-68.314822,6.14882],[-68.312041,6.149175],[-68.309118,6.150522],[-68.304843,6.15523],[-68.302245,6.156752],[-68.299227,6.157581],[-68.290147,6.155782],[-68.281619,6.158304],[-68.274072,6.158789],[-68.2664,6.16074],[-68.2562,6.165479],[-68.25194,6.169429],[-68.247217,6.180962],[-68.244091,6.184938],[-68.236887,6.186038],[-68.222289,6.193629],[-68.220754,6.197103],[-68.218562,6.199082],[-68.210576,6.201846],[-68.206108,6.201933],[-68.20223,6.20298],[-68.197864,6.206478],[-68.182445,6.206026],[-68.174307,6.204515],[-68.168834,6.204943],[-68.161446,6.209178],[-68.155052,6.210024],[-68.139662,6.20994],[-68.122865,6.216065],[-68.109312,6.217828],[-68.103263,6.221304],[-68.099144,6.222028],[-68.095047,6.223848],[-68.093319,6.223527],[-68.091292,6.221935],[-68.084968,6.222514],[-68.068778,6.214833],[-68.057383,6.212578],[-68.055713,6.211279],[-68.056322,6.207954],[-68.043338,6.19292],[-68.039388,6.190362],[-68.037152,6.189815],[-68.027741,6.189399],[-68.02159,6.191421],[-68.010061,6.200499],[-68.006723,6.202207],[-67.987307,6.202417],[-67.976342,6.206186],[-67.962481,6.204865],[-67.957213,6.206135],[-67.955014,6.207806],[-67.949075,6.215072],[-67.945549,6.223481],[-67.943879,6.225823],[-67.941908,6.22745],[-67.937006,6.229692],[-67.925657,6.231405],[-67.921247,6.231219],[-67.91483,6.229697],[-67.910149,6.230106],[-67.907891,6.231051],[-67.905979,6.232466],[-67.904208,6.235493],[-67.902481,6.239876],[-67.902202,6.243013],[-67.897733,6.253835],[-67.896505,6.259103],[-67.894621,6.262701],[-67.890809,6.266541],[-67.886512,6.274865],[-67.8824,6.279933],[-67.877434,6.282834],[-67.855859,6.287471],[-67.848364,6.290541],[-67.844028,6.293643],[-67.827766,6.302054],[-67.824613,6.30447],[-67.821532,6.308455],[-67.819176,6.315629],[-67.817297,6.317081],[-67.811586,6.320567],[-67.804281,6.322565],[-67.799665,6.321031],[-67.795513,6.317652],[-67.787934,6.305719],[-67.784686,6.298949],[-67.7812,6.294999],[-67.777203,6.292358],[-67.766376,6.287706],[-67.763033,6.285517],[-67.760451,6.285136],[-67.757558,6.2861],[-67.753042,6.289585],[-67.752092,6.291179],[-67.748942,6.292183],[-67.744129,6.291475],[-67.740564,6.291829],[-67.732899,6.290352],[-67.724818,6.287517],[-67.712043,6.286218],[-67.703367,6.287104],[-67.696356,6.291475],[-67.693801,6.292006],[-67.678054,6.289407],[-67.671278,6.291061],[-67.664348,6.2883],[-67.657436,6.283147],[-67.65191,6.282025],[-67.638184,6.284623],[-67.632301,6.286513],[-67.629989,6.288403],[-67.625856,6.289338],[-67.620288,6.286768],[-67.601186,6.264006],[-67.59552,6.26088],[-67.584771,6.257382],[-67.570247,6.255207],[-67.566571,6.25623],[-67.562835,6.260395],[-67.560554,6.261719],[-67.556113,6.261156],[-67.542399,6.254264],[-67.537279,6.253494],[-67.533544,6.25165],[-67.522379,6.243757],[-67.517239,6.241806],[-67.509054,6.234097],[-67.505366,6.232312],[-67.500964,6.232788],[-67.497775,6.23048],[-67.493183,6.225626],[-67.490899,6.22051],[-67.485307,6.213038],[-67.484749,6.206752],[-67.483588,6.20455],[-67.482123,6.203113],[-67.477512,6.201811],[-67.472402,6.197676],[-67.464083,6.193304],[-67.469468,6.189443],[-67.471807,6.186777],[-67.477511,6.177647],[-67.488064,6.171692],[-67.490859,6.171805],[-67.495023,6.169877],[-67.500214,6.164886],[-67.499524,6.160839],[-67.500265,6.153976],[-67.502775,6.147341],[-67.504315,6.145639],[-67.505171,6.141669],[-67.505342,6.13543],[-67.503403,6.123747],[-67.500493,6.117508],[-67.491252,6.106561],[-67.487773,6.103555],[-67.484065,6.098563],[-67.484692,6.096919],[-67.484122,6.094253],[-67.491195,6.090623],[-67.492165,6.088694],[-67.49245,6.085177],[-67.488229,6.076158],[-67.484578,6.070826],[-67.469348,6.065438],[-67.467066,6.063906],[-67.466096,6.060616],[-67.464271,6.058914],[-67.451094,6.052051],[-67.44345,6.043542],[-67.437974,6.040365],[-67.436092,6.03838],[-67.433924,6.037983],[-67.433867,6.034012],[-67.434723,6.031913],[-67.43324,6.029417],[-67.433981,6.027715],[-67.43324,6.025106],[-67.43381,6.02312],[-67.432669,6.020057],[-67.430501,6.018979],[-67.426737,6.019887],[-67.424569,6.016369],[-67.423656,6.008824],[-67.424683,5.999294],[-67.428277,5.997535],[-67.434951,5.9964],[-67.449098,5.988061],[-67.447671,5.988288],[-67.451607,5.984317],[-67.457939,5.981253],[-67.463815,5.979948],[-67.468378,5.977849],[-67.476706,5.968772],[-67.480357,5.962985],[-67.482354,5.961396],[-67.480813,5.961907],[-67.489142,5.953397],[-67.49844,5.95073],[-67.503117,5.947893],[-67.50905,5.943127],[-67.522341,5.928376],[-67.527247,5.926901],[-67.535119,5.922191],[-67.544987,5.913851],[-67.546242,5.911184],[-67.550634,5.905567],[-67.551148,5.903013],[-67.550235,5.900971],[-67.553715,5.892062],[-67.558392,5.885537],[-67.566321,5.868571],[-67.568546,5.865109],[-67.572368,5.862442],[-67.574136,5.858697],[-67.575277,5.857732],[-67.577616,5.858073],[-67.582635,5.856144],[-67.586971,5.852455],[-67.591477,5.847291],[-67.598379,5.844227],[-67.603,5.835658],[-67.607107,5.817612],[-67.608476,5.815172],[-67.6111,5.812845],[-67.61264,5.812391],[-67.617375,5.813469],[-67.619885,5.812845],[-67.627398,5.805174],[-67.629983,5.800013],[-67.631573,5.790408],[-67.631646,5.786457],[-67.630755,5.784447],[-67.630933,5.777589],[-67.629388,5.773332],[-67.620891,5.763578],[-67.619465,5.758612],[-67.619703,5.754592],[-67.623268,5.752522],[-67.623921,5.746788],[-67.629329,5.745014],[-67.63016,5.744127],[-67.630576,5.741703],[-67.637588,5.735614],[-67.63943,5.728696],[-67.642936,5.726272],[-67.645134,5.720182],[-67.6487,5.714329],[-67.649591,5.711609],[-67.64971,5.70753],[-67.651849,5.702681],[-67.651789,5.700789],[-67.64971,5.695527],[-67.647571,5.693162],[-67.641391,5.688787],[-67.639846,5.684529],[-67.642044,5.675778],[-67.640143,5.670753],[-67.640321,5.665372],[-67.641331,5.661174],[-67.640321,5.657921],[-67.64151,5.65526],[-67.641213,5.648046],[-67.637885,5.643552],[-67.637707,5.639591],[-67.635687,5.637639],[-67.637734,5.63489],[-67.636843,5.634299],[-67.635773,5.634772],[-67.636546,5.632229],[-67.635595,5.630988],[-67.63613,5.629746],[-67.638863,5.6288],[-67.639517,5.624719],[-67.632149,5.617742],[-67.6331,5.614134],[-67.635239,5.612183],[-67.635536,5.609344],[-67.633575,5.607689],[-67.633813,5.606033],[-67.632921,5.60485],[-67.632446,5.601479],[-67.625969,5.596039],[-67.623117,5.589948],[-67.624187,5.583738],[-67.625672,5.583738],[-67.626445,5.585335],[-67.627395,5.584625],[-67.628524,5.586163],[-67.62894,5.584684],[-67.631198,5.582201],[-67.634704,5.581609],[-67.635001,5.576819],[-67.634288,5.57197],[-67.628584,5.565523],[-67.607846,5.549319],[-67.605113,5.54234],[-67.605648,5.539206],[-67.607846,5.536663],[-67.60743,5.533587],[-67.6085,5.52992],[-67.610282,5.527081],[-67.613313,5.526431],[-67.614501,5.526786],[-67.6167,5.529092],[-67.619255,5.530157],[-67.622226,5.529684],[-67.628346,5.524834],[-67.631792,5.519511],[-67.633337,5.502773],[-67.631852,5.498514],[-67.62894,5.493842],[-67.627336,5.487513],[-67.627573,5.485265],[-67.634763,5.477813],[-67.644449,5.47172],[-67.653599,5.462197],[-67.661086,5.457169],[-67.668038,5.450308],[-67.66994,5.446877],[-67.676298,5.438951],[-67.679388,5.438123],[-67.68224,5.439424],[-67.688063,5.436348],[-67.69145,5.436644],[-67.698996,5.433035],[-67.705354,5.428658],[-67.713138,5.421678],[-67.720031,5.414047],[-67.721814,5.410557],[-67.723953,5.408309],[-67.728528,5.40754],[-67.732034,5.405884],[-67.736134,5.406889],[-67.741541,5.405647],[-67.758179,5.394112],[-67.769706,5.391331],[-67.773509,5.389556],[-67.776599,5.386362],[-67.77642,5.382103],[-67.784977,5.371868],[-67.788364,5.370626],[-67.795791,5.37175],[-67.801139,5.370093],[-67.809933,5.361338],[-67.816232,5.349979],[-67.82059,5.346448]]}},{"type":"Feature","properties":{"DIVIPOLA":"99524"},"geometry":{"type":"LineString","coordinates":[[-69.428849,6.109079],[-69.419347,6.097108],[-69.409249,6.098099],[-69.401754,6.099817],[-69.394928,6.099753],[-69.379936,6.101322],[-69.377319,6.103549],[-69.376082,6.106176],[-69.377815,6.112869],[-69.379584,6.11516],[-69.377424,6.118092],[-69.374502,6.120138],[-69.36724,6.122442],[-69.360349,6.127353],[-69.354886,6.127524],[-69.342655,6.122451],[-69.338808,6.119067],[-69.331565,6.115898],[-69.330137,6.110606],[-69.327903,6.106016],[-69.317761,6.095315],[-69.307425,6.078963],[-69.301543,6.066761],[-69.293072,6.058157],[-69.289646,6.056235],[-69.286162,6.055568],[-69.277215,6.055759],[-69.263357,6.05416],[-69.252545,6.055092],[-69.245654,6.057567],[-69.240229,6.060841],[-69.222849,6.07409],[-69.22047,6.080962],[-69.216092,6.088824],[-69.212913,6.097276],[-69.206098,6.109535],[-69.204975,6.118177],[-69.203795,6.121451],[-69.199968,6.126229],[-69.193477,6.130702],[-69.187424,6.13312],[-69.173109,6.135556],[-69.167722,6.137174],[-69.154387,6.137332],[-69.151046,6.138303],[-69.145907,6.141116],[-69.144293,6.142643],[-69.142323,6.159476],[-69.138839,6.167725],[-69.136165,6.171683],[-69.131055,6.175759],[-69.114952,6.183203],[-69.103662,6.183618],[-69.096409,6.186344],[-69.09304,6.189571],[-69.091755,6.192027],[-69.092854,6.200079],[-69.091125,6.20376],[-69.08756,6.20695],[-69.079906,6.208509],[-69.076721,6.208245],[-69.071096,6.205918],[-69.055021,6.196124],[-69.048239,6.192826],[-69.041715,6.190827],[-69.034776,6.186716],[-69.030707,6.185259],[-69.018115,6.183489],[-69.010306,6.185802],[-69.003039,6.185474],[-68.995411,6.189086],[-68.981876,6.190875],[-68.961908,6.187886],[-68.956682,6.184674],[-68.947517,6.180619],[-68.943248,6.17735],[-68.941963,6.173324],[-68.944062,6.166471],[-68.943662,6.164301],[-68.938083,6.154421],[-68.934874,6.151514],[-68.930097,6.149175],[-68.925819,6.148891],[-68.917048,6.149955],[-68.911725,6.15258],[-68.906994,6.153783],[-68.904344,6.152537],[-68.901527,6.148842],[-68.900292,6.148608],[-68.897876,6.148982],[-68.894122,6.152037],[-68.891609,6.150895],[-68.890024,6.148611],[-68.888028,6.148253],[-68.8833,6.148368],[-68.875419,6.150481],[-68.871022,6.149996],[-68.868152,6.151324],[-68.864611,6.151752],[-68.86193,6.151089],[-68.857866,6.14804],[-68.855774,6.147298],[-68.849407,6.152037],[-68.843853,6.152566],[-68.842582,6.154165],[-68.842797,6.157534],[-68.842225,6.15849],[-68.839013,6.160018],[-68.833717,6.160532],[-68.830504,6.164829],[-68.828034,6.164515],[-68.825993,6.162445],[-68.820782,6.160404],[-68.818255,6.158505],[-68.813601,6.158433]]}},{"type":"Feature","properties":{"DIVIPOLA":"99773"},"geometry":{"type":"LineString","coordinates":[[-67.82059,5.346448],[-67.830433,5.335248],[-67.83489,5.333473],[-67.836553,5.331047],[-67.838455,5.330337],[-67.845645,5.320516],[-67.848972,5.311701],[-67.852953,5.309097],[-67.854795,5.303772],[-67.854558,5.291762],[-67.856162,5.281822],[-67.85834,5.280513],[-67.86238,5.280809],[-67.862856,5.278915],[-67.866659,5.275957],[-67.867609,5.271401],[-67.870224,5.266608],[-67.869273,5.263354],[-67.86749,5.262526],[-67.865292,5.26294],[-67.864163,5.258739],[-67.865232,5.25726],[-67.866243,5.252763],[-67.866064,5.251698],[-67.864206,5.249999],[-67.863082,5.249185],[-67.86112,5.249109],[-67.85787,5.250185],[-67.855131,5.252112],[-67.849962,5.249035],[-67.847466,5.245011],[-67.844851,5.245485],[-67.843544,5.244893],[-67.844198,5.243236],[-67.84402,5.240337],[-67.842712,5.23797],[-67.842534,5.234893],[-67.844851,5.232289],[-67.845327,5.230278],[-67.843901,5.228976],[-67.843425,5.223887],[-67.836176,5.217141],[-67.836414,5.212111],[-67.832136,5.197613],[-67.833205,5.188915],[-67.836057,5.186666],[-67.841227,5.179742],[-67.842177,5.171694],[-67.84604,5.165776],[-67.848179,5.159385],[-67.850496,5.155124],[-67.852219,5.148969],[-67.853764,5.14601],[-67.858102,5.140862],[-67.858637,5.13589],[-67.857508,5.130327],[-67.856201,5.127427],[-67.856141,5.12506],[-67.854775,5.121213],[-67.852635,5.118313],[-67.844495,5.110442],[-67.838969,5.10186],[-67.83576,5.098901],[-67.835285,5.093633],[-67.833799,5.090733],[-67.826966,5.085762],[-67.825778,5.083513],[-67.827144,5.080376],[-67.831898,5.075878],[-67.837186,5.075049],[-67.839028,5.073628],[-67.83992,5.071083],[-67.839444,5.06694],[-67.836176,5.063448],[-67.83166,5.061081],[-67.82554,5.059187],[-67.817459,5.057944],[-67.814488,5.056464],[-67.813656,5.050072],[-67.812468,5.046816],[-67.812646,5.044685],[-67.814488,5.042791],[-67.814785,5.040483],[-67.817518,5.034682],[-67.81936,5.033321],[-67.820252,5.031308],[-67.821856,5.031012],[-67.825421,5.027579],[-67.826312,5.025389],[-67.826966,5.019292],[-67.825421,5.01361],[-67.824054,5.000055],[-67.826312,4.99449],[-67.825362,4.989104],[-67.826669,4.982119],[-67.826134,4.979337],[-67.831363,4.972055],[-67.830294,4.967024],[-67.832492,4.960571],[-67.834691,4.95844],[-67.834453,4.955835],[-67.837305,4.955007],[-67.842177,4.950508],[-67.843366,4.949146],[-67.842772,4.948613],[-67.84402,4.945298],[-67.847228,4.942338],[-67.846396,4.939082],[-67.846159,4.931564],[-67.843544,4.919783],[-67.842593,4.911968],[-67.843782,4.900483],[-67.845446,4.892491],[-67.845624,4.887222],[-67.843366,4.876683],[-67.837364,4.860224],[-67.836235,4.855192],[-67.829462,4.814811],[-67.829878,4.801726],[-67.832492,4.784081],[-67.830769,4.768271],[-67.832195,4.764303],[-67.834453,4.762586],[-67.83683,4.75471],[-67.836889,4.748374],[-67.834512,4.739018],[-67.833799,4.732267],[-67.839088,4.708876],[-67.84503,4.68732],[-67.84705,4.670086],[-67.846693,4.657116],[-67.848119,4.653089],[-67.851328,4.651786],[-67.852517,4.650424],[-67.854418,4.643673],[-67.853764,4.636329],[-67.848179,4.616369],[-67.851685,4.602747],[-67.850556,4.595343],[-67.849189,4.572895],[-67.846277,4.557554],[-67.848238,4.553645],[-67.852932,4.552046],[-67.856914,4.548373],[-67.86036,4.541206],[-67.861311,4.535105],[-67.862877,4.531378],[-67.862706,4.52899],[-67.863618,4.525351],[-67.861793,4.519949],[-67.85683,4.512954],[-67.844908,4.501922],[-67.836751,4.497088],[-67.823688,4.492198],[-67.814675,4.487705],[-67.81034,4.484463],[-67.807431,4.481108],[-67.79665,4.463479],[-67.797163,4.461829],[-67.796593,4.460123],[-67.797962,4.457564],[-67.799159,4.451991],[-67.799502,4.442721],[-67.800357,4.438626],[-67.799958,4.43601],[-67.794254,4.428616],[-67.789576,4.424522],[-67.786838,4.422759],[-67.780278,4.42054],[-67.778852,4.418721],[-67.777711,4.41491],[-67.777882,4.413204],[-67.783302,4.41036],[-67.786838,4.404559],[-67.788321,4.403308],[-67.789804,4.397791],[-67.78969,4.392672],[-67.788036,4.386586],[-67.784157,4.380045],[-67.777084,4.37231],[-67.771265,4.364177],[-67.768756,4.357351],[-67.767811,4.345034],[-67.769237,4.342131],[-67.773456,4.339939],[-67.777556,4.340235],[-67.785815,4.34225],[-67.792529,4.341657],[-67.796867,4.339998],[-67.801858,4.33591],[-67.805126,4.330814],[-67.807444,4.325363],[-67.808335,4.320505],[-67.807503,4.311854],[-67.803879,4.300893],[-67.797758,4.287975],[-67.796808,4.281754],[-67.797105,4.276421],[-67.796451,4.271088],[-67.795679,4.269666],[-67.797342,4.267177],[-67.800135,4.264866],[-67.806018,4.253133],[-67.806968,4.246319],[-67.806255,4.235653],[-67.805126,4.231445],[-67.802096,4.225045],[-67.789677,4.207979],[-67.787419,4.197549],[-67.789142,4.187771],[-67.788667,4.180245],[-67.787954,4.176748],[-67.785102,4.170052],[-67.775832,4.160036],[-67.749093,4.13799],[-67.743389,4.131056],[-67.735902,4.119143],[-67.734417,4.114402],[-67.735962,4.10895],[-67.735902,4.103853],[-67.727524,4.079019],[-67.726276,4.077063],[-67.726098,4.07167],[-67.718373,4.054007],[-67.714927,4.049265],[-67.713857,4.046302],[-67.714392,4.044761],[-67.712023,4.041949]]}}]}